Created by PLY version 3.11 (http://www.dabeaz.com/ply)

Unused terminals:

    FLOAT
    RESERVATION
    RESERVATIONS
    ROOM

Grammar

Rule 0     S' -> command
Rule 1     command -> book_command
Rule 2     command -> confirm_command
Rule 3     command -> pay_command
Rule 4     command -> cancel_command
Rule 5     command -> list_command
Rule 6     command -> view_command
Rule 7     command -> history_command
Rule 8     command -> help_command
Rule 9     command -> exit_command
Rule 10    identifier_list -> IDENTIFIER identifier_list
Rule 11    identifier_list -> IDENTIFIER
Rule 12    identifier_list -> STRING
Rule 13    identifier_list -> identifier_list - identifier_list
Rule 14    book_command -> KEYWORD_BOOK TICKET FOR identifier_list ON DATE AT TIME FOR identifier_list SYM_END
Rule 15    book_command -> KEYWORD_BOOK INTEGER TICKETS FOR identifier_list ON DATE AT TIME FOR identifier_list SYM_END
Rule 16    book_command -> KEYWORD_BOOK TICKET FOR identifier_list FROM identifier_list TO identifier_list ON DATE AT TIME FOR identifier_list SYM_END
Rule 17    book_command -> KEYWORD_BOOK INTEGER TICKETS FOR identifier_list FROM identifier_list TO identifier_list ON DATE AT TIME FOR identifier_list SYM_END
Rule 18    book_command -> KEYWORD_BOOK TICKET FOR CONCERT identifier_list IN identifier_list ON DATE AT TIME FOR identifier_list SYM_END
Rule 19    book_command -> KEYWORD_BOOK INTEGER TICKETS FOR CONCERT identifier_list IN identifier_list ON DATE AT TIME FOR identifier_list SYM_END
Rule 20    book_command -> KEYWORD_BOOK TICKET FOR CONCERT identifier_list AT identifier_list ON DATE AT TIME FOR identifier_list SYM_END
Rule 21    book_command -> KEYWORD_BOOK INTEGER TICKETS FOR CONCERT identifier_list AT identifier_list ON DATE AT TIME FOR identifier_list SYM_END
Rule 22    book_command -> KEYWORD_BOOK TICKET FOR EVENT identifier_list AT identifier_list ON DATE AT TIME FOR identifier_list SYM_END
Rule 23    book_command -> KEYWORD_BOOK INTEGER TICKETS FOR EVENT identifier_list AT identifier_list ON DATE AT TIME FOR identifier_list SYM_END
Rule 24    book_command -> KEYWORD_BOOK ACCOMMODATION FOR identifier_list IN identifier_list ON DATE TO DATE AT TIME FOR identifier_list SYM_END
Rule 25    book_command -> KEYWORD_BOOK INTEGER ACCOMMODATIONS FOR identifier_list IN identifier_list ON DATE TO DATE AT TIME FOR identifier_list SYM_END
Rule 26    confirm_command -> KEYWORD_CONFIRM TICKET FOR identifier_list ON DATE AT TIME FOR identifier_list SYM_END
Rule 27    confirm_command -> KEYWORD_CONFIRM INTEGER TICKETS FOR identifier_list ON DATE AT TIME FOR identifier_list SYM_END
Rule 28    confirm_command -> KEYWORD_CONFIRM TICKET FOR identifier_list FROM identifier_list TO identifier_list ON DATE AT TIME FOR identifier_list SYM_END
Rule 29    confirm_command -> KEYWORD_CONFIRM INTEGER TICKETS FOR identifier_list FROM identifier_list TO identifier_list ON DATE AT TIME FOR identifier_list SYM_END
Rule 30    confirm_command -> KEYWORD_CONFIRM TICKET FOR CONCERT identifier_list IN identifier_list ON DATE AT TIME FOR identifier_list SYM_END
Rule 31    confirm_command -> KEYWORD_CONFIRM INTEGER TICKETS FOR CONCERT identifier_list IN identifier_list ON DATE AT TIME FOR identifier_list SYM_END
Rule 32    confirm_command -> KEYWORD_CONFIRM TICKET FOR CONCERT identifier_list AT identifier_list ON DATE AT TIME FOR identifier_list SYM_END
Rule 33    confirm_command -> KEYWORD_CONFIRM INTEGER TICKETS FOR CONCERT identifier_list AT identifier_list ON DATE AT TIME FOR identifier_list SYM_END
Rule 34    confirm_command -> KEYWORD_CONFIRM TICKET FOR EVENT identifier_list AT identifier_list ON DATE AT TIME FOR identifier_list SYM_END
Rule 35    confirm_command -> KEYWORD_CONFIRM INTEGER TICKETS FOR EVENT identifier_list AT identifier_list ON DATE AT TIME FOR identifier_list SYM_END
Rule 36    confirm_command -> KEYWORD_CONFIRM ACCOMMODATION FOR identifier_list IN identifier_list ON DATE TO DATE AT TIME FOR identifier_list SYM_END
Rule 37    confirm_command -> KEYWORD_CONFIRM INTEGER ACCOMMODATION FOR identifier_list IN identifier_list ON DATE TO DATE AT TIME FOR identifier_list SYM_END
Rule 38    pay_command -> KEYWORD_PAY TICKET FOR identifier_list ON DATE AT TIME FOR identifier_list SYM_END
Rule 39    pay_command -> KEYWORD_PAY INTEGER TICKETS FOR identifier_list ON DATE AT TIME FOR identifier_list SYM_END
Rule 40    pay_command -> KEYWORD_PAY TICKET FOR identifier_list FROM identifier_list TO identifier_list ON DATE AT TIME FOR identifier_list SYM_END
Rule 41    pay_command -> KEYWORD_PAY INTEGER TICKETS FOR identifier_list FROM identifier_list TO identifier_list ON DATE AT TIME FOR identifier_list SYM_END
Rule 42    pay_command -> KEYWORD_PAY TICKET FOR CONCERT identifier_list IN identifier_list ON DATE AT TIME FOR identifier_list SYM_END
Rule 43    pay_command -> KEYWORD_PAY INTEGER TICKETS FOR CONCERT identifier_list IN identifier_list ON DATE AT TIME FOR identifier_list SYM_END
Rule 44    pay_command -> KEYWORD_PAY TICKET FOR CONCERT identifier_list AT identifier_list ON DATE AT TIME FOR identifier_list SYM_END
Rule 45    pay_command -> KEYWORD_PAY INTEGER TICKETS FOR CONCERT identifier_list AT identifier_list ON DATE AT TIME FOR identifier_list SYM_END
Rule 46    pay_command -> KEYWORD_PAY TICKET FOR EVENT identifier_list AT identifier_list ON DATE AT TIME FOR identifier_list SYM_END
Rule 47    pay_command -> KEYWORD_PAY INTEGER TICKETS FOR EVENT identifier_list AT identifier_list ON DATE AT TIME FOR identifier_list SYM_END
Rule 48    pay_command -> KEYWORD_PAY ACCOMMODATION FOR identifier_list IN identifier_list ON DATE TO DATE AT TIME FOR identifier_list SYM_END
Rule 49    pay_command -> KEYWORD_PAY INTEGER ACCOMMODATIONS FOR identifier_list IN identifier_list ON DATE TO DATE AT TIME FOR identifier_list SYM_END
Rule 50    cancel_command -> KEYWORD_CANCEL TICKET FOR identifier_list ON DATE AT TIME FOR identifier_list SYM_END
Rule 51    cancel_command -> KEYWORD_CANCEL INTEGER TICKETS FOR identifier_list ON DATE AT TIME FOR identifier_list SYM_END
Rule 52    cancel_command -> KEYWORD_CANCEL TICKET FOR identifier_list FROM identifier_list TO identifier_list ON DATE AT TIME FOR identifier_list SYM_END
Rule 53    cancel_command -> KEYWORD_CANCEL INTEGER TICKETS FOR identifier_list FROM identifier_list TO identifier_list ON DATE AT TIME FOR identifier_list SYM_END
Rule 54    cancel_command -> KEYWORD_CANCEL TICKET FOR CONCERT identifier_list IN identifier_list ON DATE AT TIME FOR identifier_list SYM_END
Rule 55    cancel_command -> KEYWORD_CANCEL INTEGER TICKETS FOR CONCERT identifier_list IN identifier_list ON DATE AT TIME FOR identifier_list SYM_END
Rule 56    cancel_command -> KEYWORD_CANCEL TICKET FOR CONCERT identifier_list AT identifier_list ON DATE AT TIME FOR identifier_list SYM_END
Rule 57    cancel_command -> KEYWORD_CANCEL INTEGER TICKETS FOR CONCERT identifier_list AT identifier_list ON DATE AT TIME FOR identifier_list SYM_END
Rule 58    cancel_command -> KEYWORD_CANCEL TICKET FOR EVENT identifier_list AT identifier_list ON DATE AT TIME FOR identifier_list SYM_END
Rule 59    cancel_command -> KEYWORD_CANCEL INTEGER TICKETS FOR EVENT identifier_list AT identifier_list ON DATE AT TIME FOR identifier_list SYM_END
Rule 60    cancel_command -> KEYWORD_CANCEL ACCOMMODATION FOR identifier_list IN identifier_list ON DATE TO DATE AT TIME FOR identifier_list SYM_END
Rule 61    cancel_command -> KEYWORD_CANCEL INTEGER ACCOMMODATIONS FOR identifier_list IN identifier_list ON DATE TO DATE AT TIME FOR identifier_list SYM_END
Rule 62    list_command -> KEYWORD_LIST AVAILABLE SCHEDULE FOR identifier_list SYM_END
Rule 63    list_command -> KEYWORD_LIST AVAILABLE SCHEDULE FOR identifier_list FROM identifier_list TO identifier_list SYM_END
Rule 64    list_command -> KEYWORD_LIST AVAILABLE TICKETS FOR identifier_list FROM identifier_list TO identifier_list SYM_END
Rule 65    list_command -> KEYWORD_LIST AVAILABLE TICKETS FOR CONCERT identifier_list IN identifier_list SYM_END
Rule 66    list_command -> KEYWORD_LIST AVAILABLE TICKETS FOR CONCERT identifier_list AT identifier_list SYM_END
Rule 67    list_command -> KEYWORD_LIST AVAILABLE TICKETS FOR identifier_list SYM_END
Rule 68    list_command -> KEYWORD_LIST AVAILABLE TICKETS FOR identifier_list AT identifier_list SYM_END
Rule 69    list_command -> KEYWORD_LIST AVAILABLE ACCOMMODATIONS IN identifier_list SYM_END
Rule 70    list_command -> KEYWORD_LIST AVAILABLE ROOMS FOR identifier_list IN identifier_list SYM_END
Rule 71    list_command -> KEYWORD_LIST AVAILABLE TICKETS FOR EVENT identifier_list IN identifier_list SYM_END
Rule 72    list_command -> KEYWORD_LIST AVAILABLE TICKETS FOR EVENT identifier_list AT identifier_list SYM_END
Rule 73    view_command -> KEYWORD_VIEW SCHEDULE FOR identifier_list SYM_END
Rule 74    view_command -> KEYWORD_VIEW SCHEDULES FOR identifier_list SYM_END
Rule 75    history_command -> KEYWORD_HISTORY FOR identifier_list SYM_END
Rule 76    help_command -> KEYWORD_HELP SYM_END
Rule 77    exit_command -> KEYWORD_EXIT SYM_END

Terminals, with rules where they appear

-                    : 13
ACCOMMODATION        : 24 36 37 48 60
ACCOMMODATIONS       : 25 49 61 69
AT                   : 14 15 16 17 18 19 20 20 21 21 22 22 23 23 24 25 26 27 28 29 30 31 32 32 33 33 34 34 35 35 36 37 38 39 40 41 42 43 44 44 45 45 46 46 47 47 48 49 50 51 52 53 54 55 56 56 57 57 58 58 59 59 60 61 66 68 72
AVAILABLE            : 62 63 64 65 66 67 68 69 70 71 72
CONCERT              : 18 19 20 21 30 31 32 33 42 43 44 45 54 55 56 57 65 66
DATE                 : 14 15 16 17 18 19 20 21 22 23 24 24 25 25 26 27 28 29 30 31 32 33 34 35 36 36 37 37 38 39 40 41 42 43 44 45 46 47 48 48 49 49 50 51 52 53 54 55 56 57 58 59 60 60 61 61
EVENT                : 22 23 34 35 46 47 58 59 71 72
FLOAT                : 
FOR                  : 14 14 15 15 16 16 17 17 18 18 19 19 20 20 21 21 22 22 23 23 24 24 25 25 26 26 27 27 28 28 29 29 30 30 31 31 32 32 33 33 34 34 35 35 36 36 37 37 38 38 39 39 40 40 41 41 42 42 43 43 44 44 45 45 46 46 47 47 48 48 49 49 50 50 51 51 52 52 53 53 54 54 55 55 56 56 57 57 58 58 59 59 60 60 61 61 62 63 64 65 66 67 68 70 71 72 73 74 75
FROM                 : 16 17 28 29 40 41 52 53 63 64
IDENTIFIER           : 10 11
IN                   : 18 19 24 25 30 31 36 37 42 43 48 49 54 55 60 61 65 69 70 71
INTEGER              : 15 17 19 21 23 25 27 29 31 33 35 37 39 41 43 45 47 49 51 53 55 57 59 61
KEYWORD_BOOK         : 14 15 16 17 18 19 20 21 22 23 24 25
KEYWORD_CANCEL       : 50 51 52 53 54 55 56 57 58 59 60 61
KEYWORD_CONFIRM      : 26 27 28 29 30 31 32 33 34 35 36 37
KEYWORD_EXIT         : 77
KEYWORD_HELP         : 76
KEYWORD_HISTORY      : 75
KEYWORD_LIST         : 62 63 64 65 66 67 68 69 70 71 72
KEYWORD_PAY          : 38 39 40 41 42 43 44 45 46 47 48 49
KEYWORD_VIEW         : 73 74
ON                   : 14 15 16 17 18 19 20 21 22 23 24 25 26 27 28 29 30 31 32 33 34 35 36 37 38 39 40 41 42 43 44 45 46 47 48 49 50 51 52 53 54 55 56 57 58 59 60 61
RESERVATION          : 
RESERVATIONS         : 
ROOM                 : 
ROOMS                : 70
SCHEDULE             : 62 63 73
SCHEDULES            : 74
STRING               : 12
SYM_END              : 14 15 16 17 18 19 20 21 22 23 24 25 26 27 28 29 30 31 32 33 34 35 36 37 38 39 40 41 42 43 44 45 46 47 48 49 50 51 52 53 54 55 56 57 58 59 60 61 62 63 64 65 66 67 68 69 70 71 72 73 74 75 76 77
TICKET               : 14 16 18 20 22 26 28 30 32 34 38 40 42 44 46 50 52 54 56 58
TICKETS              : 15 17 19 21 23 27 29 31 33 35 39 41 43 45 47 51 53 55 57 59 64 65 66 67 68 71 72
TIME                 : 14 15 16 17 18 19 20 21 22 23 24 25 26 27 28 29 30 31 32 33 34 35 36 37 38 39 40 41 42 43 44 45 46 47 48 49 50 51 52 53 54 55 56 57 58 59 60 61
TO                   : 16 17 24 25 28 29 36 37 40 41 48 49 52 53 60 61 63 64
error                : 

Nonterminals, with rules where they appear

book_command         : 1
cancel_command       : 4
command              : 0
confirm_command      : 2
exit_command         : 9
help_command         : 8
history_command      : 7
identifier_list      : 10 13 13 14 14 15 15 16 16 16 16 17 17 17 17 18 18 18 19 19 19 20 20 20 21 21 21 22 22 22 23 23 23 24 24 24 25 25 25 26 26 27 27 28 28 28 28 29 29 29 29 30 30 30 31 31 31 32 32 32 33 33 33 34 34 34 35 35 35 36 36 36 37 37 37 38 38 39 39 40 40 40 40 41 41 41 41 42 42 42 43 43 43 44 44 44 45 45 45 46 46 46 47 47 47 48 48 48 49 49 49 50 50 51 51 52 52 52 52 53 53 53 53 54 54 54 55 55 55 56 56 56 57 57 57 58 58 58 59 59 59 60 60 60 61 61 61 62 63 63 63 64 64 64 65 65 66 66 67 68 68 69 70 70 71 71 72 72 73 74 75
list_command         : 5
pay_command          : 3
view_command         : 6

Parsing method: LALR

state 0

    (0) S' -> . command
    (1) command -> . book_command
    (2) command -> . confirm_command
    (3) command -> . pay_command
    (4) command -> . cancel_command
    (5) command -> . list_command
    (6) command -> . view_command
    (7) command -> . history_command
    (8) command -> . help_command
    (9) command -> . exit_command
    (14) book_command -> . KEYWORD_BOOK TICKET FOR identifier_list ON DATE AT TIME FOR identifier_list SYM_END
    (15) book_command -> . KEYWORD_BOOK INTEGER TICKETS FOR identifier_list ON DATE AT TIME FOR identifier_list SYM_END
    (16) book_command -> . KEYWORD_BOOK TICKET FOR identifier_list FROM identifier_list TO identifier_list ON DATE AT TIME FOR identifier_list SYM_END
    (17) book_command -> . KEYWORD_BOOK INTEGER TICKETS FOR identifier_list FROM identifier_list TO identifier_list ON DATE AT TIME FOR identifier_list SYM_END
    (18) book_command -> . KEYWORD_BOOK TICKET FOR CONCERT identifier_list IN identifier_list ON DATE AT TIME FOR identifier_list SYM_END
    (19) book_command -> . KEYWORD_BOOK INTEGER TICKETS FOR CONCERT identifier_list IN identifier_list ON DATE AT TIME FOR identifier_list SYM_END
    (20) book_command -> . KEYWORD_BOOK TICKET FOR CONCERT identifier_list AT identifier_list ON DATE AT TIME FOR identifier_list SYM_END
    (21) book_command -> . KEYWORD_BOOK INTEGER TICKETS FOR CONCERT identifier_list AT identifier_list ON DATE AT TIME FOR identifier_list SYM_END
    (22) book_command -> . KEYWORD_BOOK TICKET FOR EVENT identifier_list AT identifier_list ON DATE AT TIME FOR identifier_list SYM_END
    (23) book_command -> . KEYWORD_BOOK INTEGER TICKETS FOR EVENT identifier_list AT identifier_list ON DATE AT TIME FOR identifier_list SYM_END
    (24) book_command -> . KEYWORD_BOOK ACCOMMODATION FOR identifier_list IN identifier_list ON DATE TO DATE AT TIME FOR identifier_list SYM_END
    (25) book_command -> . KEYWORD_BOOK INTEGER ACCOMMODATIONS FOR identifier_list IN identifier_list ON DATE TO DATE AT TIME FOR identifier_list SYM_END
    (26) confirm_command -> . KEYWORD_CONFIRM TICKET FOR identifier_list ON DATE AT TIME FOR identifier_list SYM_END
    (27) confirm_command -> . KEYWORD_CONFIRM INTEGER TICKETS FOR identifier_list ON DATE AT TIME FOR identifier_list SYM_END
    (28) confirm_command -> . KEYWORD_CONFIRM TICKET FOR identifier_list FROM identifier_list TO identifier_list ON DATE AT TIME FOR identifier_list SYM_END
    (29) confirm_command -> . KEYWORD_CONFIRM INTEGER TICKETS FOR identifier_list FROM identifier_list TO identifier_list ON DATE AT TIME FOR identifier_list SYM_END
    (30) confirm_command -> . KEYWORD_CONFIRM TICKET FOR CONCERT identifier_list IN identifier_list ON DATE AT TIME FOR identifier_list SYM_END
    (31) confirm_command -> . KEYWORD_CONFIRM INTEGER TICKETS FOR CONCERT identifier_list IN identifier_list ON DATE AT TIME FOR identifier_list SYM_END
    (32) confirm_command -> . KEYWORD_CONFIRM TICKET FOR CONCERT identifier_list AT identifier_list ON DATE AT TIME FOR identifier_list SYM_END
    (33) confirm_command -> . KEYWORD_CONFIRM INTEGER TICKETS FOR CONCERT identifier_list AT identifier_list ON DATE AT TIME FOR identifier_list SYM_END
    (34) confirm_command -> . KEYWORD_CONFIRM TICKET FOR EVENT identifier_list AT identifier_list ON DATE AT TIME FOR identifier_list SYM_END
    (35) confirm_command -> . KEYWORD_CONFIRM INTEGER TICKETS FOR EVENT identifier_list AT identifier_list ON DATE AT TIME FOR identifier_list SYM_END
    (36) confirm_command -> . KEYWORD_CONFIRM ACCOMMODATION FOR identifier_list IN identifier_list ON DATE TO DATE AT TIME FOR identifier_list SYM_END
    (37) confirm_command -> . KEYWORD_CONFIRM INTEGER ACCOMMODATION FOR identifier_list IN identifier_list ON DATE TO DATE AT TIME FOR identifier_list SYM_END
    (38) pay_command -> . KEYWORD_PAY TICKET FOR identifier_list ON DATE AT TIME FOR identifier_list SYM_END
    (39) pay_command -> . KEYWORD_PAY INTEGER TICKETS FOR identifier_list ON DATE AT TIME FOR identifier_list SYM_END
    (40) pay_command -> . KEYWORD_PAY TICKET FOR identifier_list FROM identifier_list TO identifier_list ON DATE AT TIME FOR identifier_list SYM_END
    (41) pay_command -> . KEYWORD_PAY INTEGER TICKETS FOR identifier_list FROM identifier_list TO identifier_list ON DATE AT TIME FOR identifier_list SYM_END
    (42) pay_command -> . KEYWORD_PAY TICKET FOR CONCERT identifier_list IN identifier_list ON DATE AT TIME FOR identifier_list SYM_END
    (43) pay_command -> . KEYWORD_PAY INTEGER TICKETS FOR CONCERT identifier_list IN identifier_list ON DATE AT TIME FOR identifier_list SYM_END
    (44) pay_command -> . KEYWORD_PAY TICKET FOR CONCERT identifier_list AT identifier_list ON DATE AT TIME FOR identifier_list SYM_END
    (45) pay_command -> . KEYWORD_PAY INTEGER TICKETS FOR CONCERT identifier_list AT identifier_list ON DATE AT TIME FOR identifier_list SYM_END
    (46) pay_command -> . KEYWORD_PAY TICKET FOR EVENT identifier_list AT identifier_list ON DATE AT TIME FOR identifier_list SYM_END
    (47) pay_command -> . KEYWORD_PAY INTEGER TICKETS FOR EVENT identifier_list AT identifier_list ON DATE AT TIME FOR identifier_list SYM_END
    (48) pay_command -> . KEYWORD_PAY ACCOMMODATION FOR identifier_list IN identifier_list ON DATE TO DATE AT TIME FOR identifier_list SYM_END
    (49) pay_command -> . KEYWORD_PAY INTEGER ACCOMMODATIONS FOR identifier_list IN identifier_list ON DATE TO DATE AT TIME FOR identifier_list SYM_END
    (50) cancel_command -> . KEYWORD_CANCEL TICKET FOR identifier_list ON DATE AT TIME FOR identifier_list SYM_END
    (51) cancel_command -> . KEYWORD_CANCEL INTEGER TICKETS FOR identifier_list ON DATE AT TIME FOR identifier_list SYM_END
    (52) cancel_command -> . KEYWORD_CANCEL TICKET FOR identifier_list FROM identifier_list TO identifier_list ON DATE AT TIME FOR identifier_list SYM_END
    (53) cancel_command -> . KEYWORD_CANCEL INTEGER TICKETS FOR identifier_list FROM identifier_list TO identifier_list ON DATE AT TIME FOR identifier_list SYM_END
    (54) cancel_command -> . KEYWORD_CANCEL TICKET FOR CONCERT identifier_list IN identifier_list ON DATE AT TIME FOR identifier_list SYM_END
    (55) cancel_command -> . KEYWORD_CANCEL INTEGER TICKETS FOR CONCERT identifier_list IN identifier_list ON DATE AT TIME FOR identifier_list SYM_END
    (56) cancel_command -> . KEYWORD_CANCEL TICKET FOR CONCERT identifier_list AT identifier_list ON DATE AT TIME FOR identifier_list SYM_END
    (57) cancel_command -> . KEYWORD_CANCEL INTEGER TICKETS FOR CONCERT identifier_list AT identifier_list ON DATE AT TIME FOR identifier_list SYM_END
    (58) cancel_command -> . KEYWORD_CANCEL TICKET FOR EVENT identifier_list AT identifier_list ON DATE AT TIME FOR identifier_list SYM_END
    (59) cancel_command -> . KEYWORD_CANCEL INTEGER TICKETS FOR EVENT identifier_list AT identifier_list ON DATE AT TIME FOR identifier_list SYM_END
    (60) cancel_command -> . KEYWORD_CANCEL ACCOMMODATION FOR identifier_list IN identifier_list ON DATE TO DATE AT TIME FOR identifier_list SYM_END
    (61) cancel_command -> . KEYWORD_CANCEL INTEGER ACCOMMODATIONS FOR identifier_list IN identifier_list ON DATE TO DATE AT TIME FOR identifier_list SYM_END
    (62) list_command -> . KEYWORD_LIST AVAILABLE SCHEDULE FOR identifier_list SYM_END
    (63) list_command -> . KEYWORD_LIST AVAILABLE SCHEDULE FOR identifier_list FROM identifier_list TO identifier_list SYM_END
    (64) list_command -> . KEYWORD_LIST AVAILABLE TICKETS FOR identifier_list FROM identifier_list TO identifier_list SYM_END
    (65) list_command -> . KEYWORD_LIST AVAILABLE TICKETS FOR CONCERT identifier_list IN identifier_list SYM_END
    (66) list_command -> . KEYWORD_LIST AVAILABLE TICKETS FOR CONCERT identifier_list AT identifier_list SYM_END
    (67) list_command -> . KEYWORD_LIST AVAILABLE TICKETS FOR identifier_list SYM_END
    (68) list_command -> . KEYWORD_LIST AVAILABLE TICKETS FOR identifier_list AT identifier_list SYM_END
    (69) list_command -> . KEYWORD_LIST AVAILABLE ACCOMMODATIONS IN identifier_list SYM_END
    (70) list_command -> . KEYWORD_LIST AVAILABLE ROOMS FOR identifier_list IN identifier_list SYM_END
    (71) list_command -> . KEYWORD_LIST AVAILABLE TICKETS FOR EVENT identifier_list IN identifier_list SYM_END
    (72) list_command -> . KEYWORD_LIST AVAILABLE TICKETS FOR EVENT identifier_list AT identifier_list SYM_END
    (73) view_command -> . KEYWORD_VIEW SCHEDULE FOR identifier_list SYM_END
    (74) view_command -> . KEYWORD_VIEW SCHEDULES FOR identifier_list SYM_END
    (75) history_command -> . KEYWORD_HISTORY FOR identifier_list SYM_END
    (76) help_command -> . KEYWORD_HELP SYM_END
    (77) exit_command -> . KEYWORD_EXIT SYM_END

    KEYWORD_BOOK    shift and go to state 11
    KEYWORD_CONFIRM shift and go to state 12
    KEYWORD_PAY     shift and go to state 13
    KEYWORD_CANCEL  shift and go to state 14
    KEYWORD_LIST    shift and go to state 15
    KEYWORD_VIEW    shift and go to state 16
    KEYWORD_HISTORY shift and go to state 17
    KEYWORD_HELP    shift and go to state 18
    KEYWORD_EXIT    shift and go to state 19

    command                        shift and go to state 1
    book_command                   shift and go to state 2
    confirm_command                shift and go to state 3
    pay_command                    shift and go to state 4
    cancel_command                 shift and go to state 5
    list_command                   shift and go to state 6
    view_command                   shift and go to state 7
    history_command                shift and go to state 8
    help_command                   shift and go to state 9
    exit_command                   shift and go to state 10

state 1

    (0) S' -> command .



state 2

    (1) command -> book_command .

    $end            reduce using rule 1 (command -> book_command .)


state 3

    (2) command -> confirm_command .

    $end            reduce using rule 2 (command -> confirm_command .)


state 4

    (3) command -> pay_command .

    $end            reduce using rule 3 (command -> pay_command .)


state 5

    (4) command -> cancel_command .

    $end            reduce using rule 4 (command -> cancel_command .)


state 6

    (5) command -> list_command .

    $end            reduce using rule 5 (command -> list_command .)


state 7

    (6) command -> view_command .

    $end            reduce using rule 6 (command -> view_command .)


state 8

    (7) command -> history_command .

    $end            reduce using rule 7 (command -> history_command .)


state 9

    (8) command -> help_command .

    $end            reduce using rule 8 (command -> help_command .)


state 10

    (9) command -> exit_command .

    $end            reduce using rule 9 (command -> exit_command .)


state 11

    (14) book_command -> KEYWORD_BOOK . TICKET FOR identifier_list ON DATE AT TIME FOR identifier_list SYM_END
    (15) book_command -> KEYWORD_BOOK . INTEGER TICKETS FOR identifier_list ON DATE AT TIME FOR identifier_list SYM_END
    (16) book_command -> KEYWORD_BOOK . TICKET FOR identifier_list FROM identifier_list TO identifier_list ON DATE AT TIME FOR identifier_list SYM_END
    (17) book_command -> KEYWORD_BOOK . INTEGER TICKETS FOR identifier_list FROM identifier_list TO identifier_list ON DATE AT TIME FOR identifier_list SYM_END
    (18) book_command -> KEYWORD_BOOK . TICKET FOR CONCERT identifier_list IN identifier_list ON DATE AT TIME FOR identifier_list SYM_END
    (19) book_command -> KEYWORD_BOOK . INTEGER TICKETS FOR CONCERT identifier_list IN identifier_list ON DATE AT TIME FOR identifier_list SYM_END
    (20) book_command -> KEYWORD_BOOK . TICKET FOR CONCERT identifier_list AT identifier_list ON DATE AT TIME FOR identifier_list SYM_END
    (21) book_command -> KEYWORD_BOOK . INTEGER TICKETS FOR CONCERT identifier_list AT identifier_list ON DATE AT TIME FOR identifier_list SYM_END
    (22) book_command -> KEYWORD_BOOK . TICKET FOR EVENT identifier_list AT identifier_list ON DATE AT TIME FOR identifier_list SYM_END
    (23) book_command -> KEYWORD_BOOK . INTEGER TICKETS FOR EVENT identifier_list AT identifier_list ON DATE AT TIME FOR identifier_list SYM_END
    (24) book_command -> KEYWORD_BOOK . ACCOMMODATION FOR identifier_list IN identifier_list ON DATE TO DATE AT TIME FOR identifier_list SYM_END
    (25) book_command -> KEYWORD_BOOK . INTEGER ACCOMMODATIONS FOR identifier_list IN identifier_list ON DATE TO DATE AT TIME FOR identifier_list SYM_END

    TICKET          shift and go to state 20
    INTEGER         shift and go to state 21
    ACCOMMODATION   shift and go to state 22


state 12

    (26) confirm_command -> KEYWORD_CONFIRM . TICKET FOR identifier_list ON DATE AT TIME FOR identifier_list SYM_END
    (27) confirm_command -> KEYWORD_CONFIRM . INTEGER TICKETS FOR identifier_list ON DATE AT TIME FOR identifier_list SYM_END
    (28) confirm_command -> KEYWORD_CONFIRM . TICKET FOR identifier_list FROM identifier_list TO identifier_list ON DATE AT TIME FOR identifier_list SYM_END
    (29) confirm_command -> KEYWORD_CONFIRM . INTEGER TICKETS FOR identifier_list FROM identifier_list TO identifier_list ON DATE AT TIME FOR identifier_list SYM_END
    (30) confirm_command -> KEYWORD_CONFIRM . TICKET FOR CONCERT identifier_list IN identifier_list ON DATE AT TIME FOR identifier_list SYM_END
    (31) confirm_command -> KEYWORD_CONFIRM . INTEGER TICKETS FOR CONCERT identifier_list IN identifier_list ON DATE AT TIME FOR identifier_list SYM_END
    (32) confirm_command -> KEYWORD_CONFIRM . TICKET FOR CONCERT identifier_list AT identifier_list ON DATE AT TIME FOR identifier_list SYM_END
    (33) confirm_command -> KEYWORD_CONFIRM . INTEGER TICKETS FOR CONCERT identifier_list AT identifier_list ON DATE AT TIME FOR identifier_list SYM_END
    (34) confirm_command -> KEYWORD_CONFIRM . TICKET FOR EVENT identifier_list AT identifier_list ON DATE AT TIME FOR identifier_list SYM_END
    (35) confirm_command -> KEYWORD_CONFIRM . INTEGER TICKETS FOR EVENT identifier_list AT identifier_list ON DATE AT TIME FOR identifier_list SYM_END
    (36) confirm_command -> KEYWORD_CONFIRM . ACCOMMODATION FOR identifier_list IN identifier_list ON DATE TO DATE AT TIME FOR identifier_list SYM_END
    (37) confirm_command -> KEYWORD_CONFIRM . INTEGER ACCOMMODATION FOR identifier_list IN identifier_list ON DATE TO DATE AT TIME FOR identifier_list SYM_END

    TICKET          shift and go to state 23
    INTEGER         shift and go to state 24
    ACCOMMODATION   shift and go to state 25


state 13

    (38) pay_command -> KEYWORD_PAY . TICKET FOR identifier_list ON DATE AT TIME FOR identifier_list SYM_END
    (39) pay_command -> KEYWORD_PAY . INTEGER TICKETS FOR identifier_list ON DATE AT TIME FOR identifier_list SYM_END
    (40) pay_command -> KEYWORD_PAY . TICKET FOR identifier_list FROM identifier_list TO identifier_list ON DATE AT TIME FOR identifier_list SYM_END
    (41) pay_command -> KEYWORD_PAY . INTEGER TICKETS FOR identifier_list FROM identifier_list TO identifier_list ON DATE AT TIME FOR identifier_list SYM_END
    (42) pay_command -> KEYWORD_PAY . TICKET FOR CONCERT identifier_list IN identifier_list ON DATE AT TIME FOR identifier_list SYM_END
    (43) pay_command -> KEYWORD_PAY . INTEGER TICKETS FOR CONCERT identifier_list IN identifier_list ON DATE AT TIME FOR identifier_list SYM_END
    (44) pay_command -> KEYWORD_PAY . TICKET FOR CONCERT identifier_list AT identifier_list ON DATE AT TIME FOR identifier_list SYM_END
    (45) pay_command -> KEYWORD_PAY . INTEGER TICKETS FOR CONCERT identifier_list AT identifier_list ON DATE AT TIME FOR identifier_list SYM_END
    (46) pay_command -> KEYWORD_PAY . TICKET FOR EVENT identifier_list AT identifier_list ON DATE AT TIME FOR identifier_list SYM_END
    (47) pay_command -> KEYWORD_PAY . INTEGER TICKETS FOR EVENT identifier_list AT identifier_list ON DATE AT TIME FOR identifier_list SYM_END
    (48) pay_command -> KEYWORD_PAY . ACCOMMODATION FOR identifier_list IN identifier_list ON DATE TO DATE AT TIME FOR identifier_list SYM_END
    (49) pay_command -> KEYWORD_PAY . INTEGER ACCOMMODATIONS FOR identifier_list IN identifier_list ON DATE TO DATE AT TIME FOR identifier_list SYM_END

    TICKET          shift and go to state 26
    INTEGER         shift and go to state 27
    ACCOMMODATION   shift and go to state 28


state 14

    (50) cancel_command -> KEYWORD_CANCEL . TICKET FOR identifier_list ON DATE AT TIME FOR identifier_list SYM_END
    (51) cancel_command -> KEYWORD_CANCEL . INTEGER TICKETS FOR identifier_list ON DATE AT TIME FOR identifier_list SYM_END
    (52) cancel_command -> KEYWORD_CANCEL . TICKET FOR identifier_list FROM identifier_list TO identifier_list ON DATE AT TIME FOR identifier_list SYM_END
    (53) cancel_command -> KEYWORD_CANCEL . INTEGER TICKETS FOR identifier_list FROM identifier_list TO identifier_list ON DATE AT TIME FOR identifier_list SYM_END
    (54) cancel_command -> KEYWORD_CANCEL . TICKET FOR CONCERT identifier_list IN identifier_list ON DATE AT TIME FOR identifier_list SYM_END
    (55) cancel_command -> KEYWORD_CANCEL . INTEGER TICKETS FOR CONCERT identifier_list IN identifier_list ON DATE AT TIME FOR identifier_list SYM_END
    (56) cancel_command -> KEYWORD_CANCEL . TICKET FOR CONCERT identifier_list AT identifier_list ON DATE AT TIME FOR identifier_list SYM_END
    (57) cancel_command -> KEYWORD_CANCEL . INTEGER TICKETS FOR CONCERT identifier_list AT identifier_list ON DATE AT TIME FOR identifier_list SYM_END
    (58) cancel_command -> KEYWORD_CANCEL . TICKET FOR EVENT identifier_list AT identifier_list ON DATE AT TIME FOR identifier_list SYM_END
    (59) cancel_command -> KEYWORD_CANCEL . INTEGER TICKETS FOR EVENT identifier_list AT identifier_list ON DATE AT TIME FOR identifier_list SYM_END
    (60) cancel_command -> KEYWORD_CANCEL . ACCOMMODATION FOR identifier_list IN identifier_list ON DATE TO DATE AT TIME FOR identifier_list SYM_END
    (61) cancel_command -> KEYWORD_CANCEL . INTEGER ACCOMMODATIONS FOR identifier_list IN identifier_list ON DATE TO DATE AT TIME FOR identifier_list SYM_END

    TICKET          shift and go to state 29
    INTEGER         shift and go to state 30
    ACCOMMODATION   shift and go to state 31


state 15

    (62) list_command -> KEYWORD_LIST . AVAILABLE SCHEDULE FOR identifier_list SYM_END
    (63) list_command -> KEYWORD_LIST . AVAILABLE SCHEDULE FOR identifier_list FROM identifier_list TO identifier_list SYM_END
    (64) list_command -> KEYWORD_LIST . AVAILABLE TICKETS FOR identifier_list FROM identifier_list TO identifier_list SYM_END
    (65) list_command -> KEYWORD_LIST . AVAILABLE TICKETS FOR CONCERT identifier_list IN identifier_list SYM_END
    (66) list_command -> KEYWORD_LIST . AVAILABLE TICKETS FOR CONCERT identifier_list AT identifier_list SYM_END
    (67) list_command -> KEYWORD_LIST . AVAILABLE TICKETS FOR identifier_list SYM_END
    (68) list_command -> KEYWORD_LIST . AVAILABLE TICKETS FOR identifier_list AT identifier_list SYM_END
    (69) list_command -> KEYWORD_LIST . AVAILABLE ACCOMMODATIONS IN identifier_list SYM_END
    (70) list_command -> KEYWORD_LIST . AVAILABLE ROOMS FOR identifier_list IN identifier_list SYM_END
    (71) list_command -> KEYWORD_LIST . AVAILABLE TICKETS FOR EVENT identifier_list IN identifier_list SYM_END
    (72) list_command -> KEYWORD_LIST . AVAILABLE TICKETS FOR EVENT identifier_list AT identifier_list SYM_END

    AVAILABLE       shift and go to state 32


state 16

    (73) view_command -> KEYWORD_VIEW . SCHEDULE FOR identifier_list SYM_END
    (74) view_command -> KEYWORD_VIEW . SCHEDULES FOR identifier_list SYM_END

    SCHEDULE        shift and go to state 33
    SCHEDULES       shift and go to state 34


state 17

    (75) history_command -> KEYWORD_HISTORY . FOR identifier_list SYM_END

    FOR             shift and go to state 35


state 18

    (76) help_command -> KEYWORD_HELP . SYM_END

    SYM_END         shift and go to state 36


state 19

    (77) exit_command -> KEYWORD_EXIT . SYM_END

    SYM_END         shift and go to state 37


state 20

    (14) book_command -> KEYWORD_BOOK TICKET . FOR identifier_list ON DATE AT TIME FOR identifier_list SYM_END
    (16) book_command -> KEYWORD_BOOK TICKET . FOR identifier_list FROM identifier_list TO identifier_list ON DATE AT TIME FOR identifier_list SYM_END
    (18) book_command -> KEYWORD_BOOK TICKET . FOR CONCERT identifier_list IN identifier_list ON DATE AT TIME FOR identifier_list SYM_END
    (20) book_command -> KEYWORD_BOOK TICKET . FOR CONCERT identifier_list AT identifier_list ON DATE AT TIME FOR identifier_list SYM_END
    (22) book_command -> KEYWORD_BOOK TICKET . FOR EVENT identifier_list AT identifier_list ON DATE AT TIME FOR identifier_list SYM_END

    FOR             shift and go to state 38


state 21

    (15) book_command -> KEYWORD_BOOK INTEGER . TICKETS FOR identifier_list ON DATE AT TIME FOR identifier_list SYM_END
    (17) book_command -> KEYWORD_BOOK INTEGER . TICKETS FOR identifier_list FROM identifier_list TO identifier_list ON DATE AT TIME FOR identifier_list SYM_END
    (19) book_command -> KEYWORD_BOOK INTEGER . TICKETS FOR CONCERT identifier_list IN identifier_list ON DATE AT TIME FOR identifier_list SYM_END
    (21) book_command -> KEYWORD_BOOK INTEGER . TICKETS FOR CONCERT identifier_list AT identifier_list ON DATE AT TIME FOR identifier_list SYM_END
    (23) book_command -> KEYWORD_BOOK INTEGER . TICKETS FOR EVENT identifier_list AT identifier_list ON DATE AT TIME FOR identifier_list SYM_END
    (25) book_command -> KEYWORD_BOOK INTEGER . ACCOMMODATIONS FOR identifier_list IN identifier_list ON DATE TO DATE AT TIME FOR identifier_list SYM_END

    TICKETS         shift and go to state 39
    ACCOMMODATIONS  shift and go to state 40


state 22

    (24) book_command -> KEYWORD_BOOK ACCOMMODATION . FOR identifier_list IN identifier_list ON DATE TO DATE AT TIME FOR identifier_list SYM_END

    FOR             shift and go to state 41


state 23

    (26) confirm_command -> KEYWORD_CONFIRM TICKET . FOR identifier_list ON DATE AT TIME FOR identifier_list SYM_END
    (28) confirm_command -> KEYWORD_CONFIRM TICKET . FOR identifier_list FROM identifier_list TO identifier_list ON DATE AT TIME FOR identifier_list SYM_END
    (30) confirm_command -> KEYWORD_CONFIRM TICKET . FOR CONCERT identifier_list IN identifier_list ON DATE AT TIME FOR identifier_list SYM_END
    (32) confirm_command -> KEYWORD_CONFIRM TICKET . FOR CONCERT identifier_list AT identifier_list ON DATE AT TIME FOR identifier_list SYM_END
    (34) confirm_command -> KEYWORD_CONFIRM TICKET . FOR EVENT identifier_list AT identifier_list ON DATE AT TIME FOR identifier_list SYM_END

    FOR             shift and go to state 42


state 24

    (27) confirm_command -> KEYWORD_CONFIRM INTEGER . TICKETS FOR identifier_list ON DATE AT TIME FOR identifier_list SYM_END
    (29) confirm_command -> KEYWORD_CONFIRM INTEGER . TICKETS FOR identifier_list FROM identifier_list TO identifier_list ON DATE AT TIME FOR identifier_list SYM_END
    (31) confirm_command -> KEYWORD_CONFIRM INTEGER . TICKETS FOR CONCERT identifier_list IN identifier_list ON DATE AT TIME FOR identifier_list SYM_END
    (33) confirm_command -> KEYWORD_CONFIRM INTEGER . TICKETS FOR CONCERT identifier_list AT identifier_list ON DATE AT TIME FOR identifier_list SYM_END
    (35) confirm_command -> KEYWORD_CONFIRM INTEGER . TICKETS FOR EVENT identifier_list AT identifier_list ON DATE AT TIME FOR identifier_list SYM_END
    (37) confirm_command -> KEYWORD_CONFIRM INTEGER . ACCOMMODATION FOR identifier_list IN identifier_list ON DATE TO DATE AT TIME FOR identifier_list SYM_END

    TICKETS         shift and go to state 43
    ACCOMMODATION   shift and go to state 44


state 25

    (36) confirm_command -> KEYWORD_CONFIRM ACCOMMODATION . FOR identifier_list IN identifier_list ON DATE TO DATE AT TIME FOR identifier_list SYM_END

    FOR             shift and go to state 45


state 26

    (38) pay_command -> KEYWORD_PAY TICKET . FOR identifier_list ON DATE AT TIME FOR identifier_list SYM_END
    (40) pay_command -> KEYWORD_PAY TICKET . FOR identifier_list FROM identifier_list TO identifier_list ON DATE AT TIME FOR identifier_list SYM_END
    (42) pay_command -> KEYWORD_PAY TICKET . FOR CONCERT identifier_list IN identifier_list ON DATE AT TIME FOR identifier_list SYM_END
    (44) pay_command -> KEYWORD_PAY TICKET . FOR CONCERT identifier_list AT identifier_list ON DATE AT TIME FOR identifier_list SYM_END
    (46) pay_command -> KEYWORD_PAY TICKET . FOR EVENT identifier_list AT identifier_list ON DATE AT TIME FOR identifier_list SYM_END

    FOR             shift and go to state 46


state 27

    (39) pay_command -> KEYWORD_PAY INTEGER . TICKETS FOR identifier_list ON DATE AT TIME FOR identifier_list SYM_END
    (41) pay_command -> KEYWORD_PAY INTEGER . TICKETS FOR identifier_list FROM identifier_list TO identifier_list ON DATE AT TIME FOR identifier_list SYM_END
    (43) pay_command -> KEYWORD_PAY INTEGER . TICKETS FOR CONCERT identifier_list IN identifier_list ON DATE AT TIME FOR identifier_list SYM_END
    (45) pay_command -> KEYWORD_PAY INTEGER . TICKETS FOR CONCERT identifier_list AT identifier_list ON DATE AT TIME FOR identifier_list SYM_END
    (47) pay_command -> KEYWORD_PAY INTEGER . TICKETS FOR EVENT identifier_list AT identifier_list ON DATE AT TIME FOR identifier_list SYM_END
    (49) pay_command -> KEYWORD_PAY INTEGER . ACCOMMODATIONS FOR identifier_list IN identifier_list ON DATE TO DATE AT TIME FOR identifier_list SYM_END

    TICKETS         shift and go to state 47
    ACCOMMODATIONS  shift and go to state 48


state 28

    (48) pay_command -> KEYWORD_PAY ACCOMMODATION . FOR identifier_list IN identifier_list ON DATE TO DATE AT TIME FOR identifier_list SYM_END

    FOR             shift and go to state 49


state 29

    (50) cancel_command -> KEYWORD_CANCEL TICKET . FOR identifier_list ON DATE AT TIME FOR identifier_list SYM_END
    (52) cancel_command -> KEYWORD_CANCEL TICKET . FOR identifier_list FROM identifier_list TO identifier_list ON DATE AT TIME FOR identifier_list SYM_END
    (54) cancel_command -> KEYWORD_CANCEL TICKET . FOR CONCERT identifier_list IN identifier_list ON DATE AT TIME FOR identifier_list SYM_END
    (56) cancel_command -> KEYWORD_CANCEL TICKET . FOR CONCERT identifier_list AT identifier_list ON DATE AT TIME FOR identifier_list SYM_END
    (58) cancel_command -> KEYWORD_CANCEL TICKET . FOR EVENT identifier_list AT identifier_list ON DATE AT TIME FOR identifier_list SYM_END

    FOR             shift and go to state 50


state 30

    (51) cancel_command -> KEYWORD_CANCEL INTEGER . TICKETS FOR identifier_list ON DATE AT TIME FOR identifier_list SYM_END
    (53) cancel_command -> KEYWORD_CANCEL INTEGER . TICKETS FOR identifier_list FROM identifier_list TO identifier_list ON DATE AT TIME FOR identifier_list SYM_END
    (55) cancel_command -> KEYWORD_CANCEL INTEGER . TICKETS FOR CONCERT identifier_list IN identifier_list ON DATE AT TIME FOR identifier_list SYM_END
    (57) cancel_command -> KEYWORD_CANCEL INTEGER . TICKETS FOR CONCERT identifier_list AT identifier_list ON DATE AT TIME FOR identifier_list SYM_END
    (59) cancel_command -> KEYWORD_CANCEL INTEGER . TICKETS FOR EVENT identifier_list AT identifier_list ON DATE AT TIME FOR identifier_list SYM_END
    (61) cancel_command -> KEYWORD_CANCEL INTEGER . ACCOMMODATIONS FOR identifier_list IN identifier_list ON DATE TO DATE AT TIME FOR identifier_list SYM_END

    TICKETS         shift and go to state 51
    ACCOMMODATIONS  shift and go to state 52


state 31

    (60) cancel_command -> KEYWORD_CANCEL ACCOMMODATION . FOR identifier_list IN identifier_list ON DATE TO DATE AT TIME FOR identifier_list SYM_END

    FOR             shift and go to state 53


state 32

    (62) list_command -> KEYWORD_LIST AVAILABLE . SCHEDULE FOR identifier_list SYM_END
    (63) list_command -> KEYWORD_LIST AVAILABLE . SCHEDULE FOR identifier_list FROM identifier_list TO identifier_list SYM_END
    (64) list_command -> KEYWORD_LIST AVAILABLE . TICKETS FOR identifier_list FROM identifier_list TO identifier_list SYM_END
    (65) list_command -> KEYWORD_LIST AVAILABLE . TICKETS FOR CONCERT identifier_list IN identifier_list SYM_END
    (66) list_command -> KEYWORD_LIST AVAILABLE . TICKETS FOR CONCERT identifier_list AT identifier_list SYM_END
    (67) list_command -> KEYWORD_LIST AVAILABLE . TICKETS FOR identifier_list SYM_END
    (68) list_command -> KEYWORD_LIST AVAILABLE . TICKETS FOR identifier_list AT identifier_list SYM_END
    (69) list_command -> KEYWORD_LIST AVAILABLE . ACCOMMODATIONS IN identifier_list SYM_END
    (70) list_command -> KEYWORD_LIST AVAILABLE . ROOMS FOR identifier_list IN identifier_list SYM_END
    (71) list_command -> KEYWORD_LIST AVAILABLE . TICKETS FOR EVENT identifier_list IN identifier_list SYM_END
    (72) list_command -> KEYWORD_LIST AVAILABLE . TICKETS FOR EVENT identifier_list AT identifier_list SYM_END

    SCHEDULE        shift and go to state 54
    TICKETS         shift and go to state 55
    ACCOMMODATIONS  shift and go to state 56
    ROOMS           shift and go to state 57


state 33

    (73) view_command -> KEYWORD_VIEW SCHEDULE . FOR identifier_list SYM_END

    FOR             shift and go to state 58


state 34

    (74) view_command -> KEYWORD_VIEW SCHEDULES . FOR identifier_list SYM_END

    FOR             shift and go to state 59


state 35

    (75) history_command -> KEYWORD_HISTORY FOR . identifier_list SYM_END
    (10) identifier_list -> . IDENTIFIER identifier_list
    (11) identifier_list -> . IDENTIFIER
    (12) identifier_list -> . STRING
    (13) identifier_list -> . identifier_list - identifier_list

    IDENTIFIER      shift and go to state 61
    STRING          shift and go to state 62

    identifier_list                shift and go to state 60

state 36

    (76) help_command -> KEYWORD_HELP SYM_END .

    $end            reduce using rule 76 (help_command -> KEYWORD_HELP SYM_END .)


state 37

    (77) exit_command -> KEYWORD_EXIT SYM_END .

    $end            reduce using rule 77 (exit_command -> KEYWORD_EXIT SYM_END .)


state 38

    (14) book_command -> KEYWORD_BOOK TICKET FOR . identifier_list ON DATE AT TIME FOR identifier_list SYM_END
    (16) book_command -> KEYWORD_BOOK TICKET FOR . identifier_list FROM identifier_list TO identifier_list ON DATE AT TIME FOR identifier_list SYM_END
    (18) book_command -> KEYWORD_BOOK TICKET FOR . CONCERT identifier_list IN identifier_list ON DATE AT TIME FOR identifier_list SYM_END
    (20) book_command -> KEYWORD_BOOK TICKET FOR . CONCERT identifier_list AT identifier_list ON DATE AT TIME FOR identifier_list SYM_END
    (22) book_command -> KEYWORD_BOOK TICKET FOR . EVENT identifier_list AT identifier_list ON DATE AT TIME FOR identifier_list SYM_END
    (10) identifier_list -> . IDENTIFIER identifier_list
    (11) identifier_list -> . IDENTIFIER
    (12) identifier_list -> . STRING
    (13) identifier_list -> . identifier_list - identifier_list

    CONCERT         shift and go to state 64
    EVENT           shift and go to state 65
    IDENTIFIER      shift and go to state 61
    STRING          shift and go to state 62

    identifier_list                shift and go to state 63

state 39

    (15) book_command -> KEYWORD_BOOK INTEGER TICKETS . FOR identifier_list ON DATE AT TIME FOR identifier_list SYM_END
    (17) book_command -> KEYWORD_BOOK INTEGER TICKETS . FOR identifier_list FROM identifier_list TO identifier_list ON DATE AT TIME FOR identifier_list SYM_END
    (19) book_command -> KEYWORD_BOOK INTEGER TICKETS . FOR CONCERT identifier_list IN identifier_list ON DATE AT TIME FOR identifier_list SYM_END
    (21) book_command -> KEYWORD_BOOK INTEGER TICKETS . FOR CONCERT identifier_list AT identifier_list ON DATE AT TIME FOR identifier_list SYM_END
    (23) book_command -> KEYWORD_BOOK INTEGER TICKETS . FOR EVENT identifier_list AT identifier_list ON DATE AT TIME FOR identifier_list SYM_END

    FOR             shift and go to state 66


state 40

    (25) book_command -> KEYWORD_BOOK INTEGER ACCOMMODATIONS . FOR identifier_list IN identifier_list ON DATE TO DATE AT TIME FOR identifier_list SYM_END

    FOR             shift and go to state 67


state 41

    (24) book_command -> KEYWORD_BOOK ACCOMMODATION FOR . identifier_list IN identifier_list ON DATE TO DATE AT TIME FOR identifier_list SYM_END
    (10) identifier_list -> . IDENTIFIER identifier_list
    (11) identifier_list -> . IDENTIFIER
    (12) identifier_list -> . STRING
    (13) identifier_list -> . identifier_list - identifier_list

    IDENTIFIER      shift and go to state 61
    STRING          shift and go to state 62

    identifier_list                shift and go to state 68

state 42

    (26) confirm_command -> KEYWORD_CONFIRM TICKET FOR . identifier_list ON DATE AT TIME FOR identifier_list SYM_END
    (28) confirm_command -> KEYWORD_CONFIRM TICKET FOR . identifier_list FROM identifier_list TO identifier_list ON DATE AT TIME FOR identifier_list SYM_END
    (30) confirm_command -> KEYWORD_CONFIRM TICKET FOR . CONCERT identifier_list IN identifier_list ON DATE AT TIME FOR identifier_list SYM_END
    (32) confirm_command -> KEYWORD_CONFIRM TICKET FOR . CONCERT identifier_list AT identifier_list ON DATE AT TIME FOR identifier_list SYM_END
    (34) confirm_command -> KEYWORD_CONFIRM TICKET FOR . EVENT identifier_list AT identifier_list ON DATE AT TIME FOR identifier_list SYM_END
    (10) identifier_list -> . IDENTIFIER identifier_list
    (11) identifier_list -> . IDENTIFIER
    (12) identifier_list -> . STRING
    (13) identifier_list -> . identifier_list - identifier_list

    CONCERT         shift and go to state 70
    EVENT           shift and go to state 71
    IDENTIFIER      shift and go to state 61
    STRING          shift and go to state 62

    identifier_list                shift and go to state 69

state 43

    (27) confirm_command -> KEYWORD_CONFIRM INTEGER TICKETS . FOR identifier_list ON DATE AT TIME FOR identifier_list SYM_END
    (29) confirm_command -> KEYWORD_CONFIRM INTEGER TICKETS . FOR identifier_list FROM identifier_list TO identifier_list ON DATE AT TIME FOR identifier_list SYM_END
    (31) confirm_command -> KEYWORD_CONFIRM INTEGER TICKETS . FOR CONCERT identifier_list IN identifier_list ON DATE AT TIME FOR identifier_list SYM_END
    (33) confirm_command -> KEYWORD_CONFIRM INTEGER TICKETS . FOR CONCERT identifier_list AT identifier_list ON DATE AT TIME FOR identifier_list SYM_END
    (35) confirm_command -> KEYWORD_CONFIRM INTEGER TICKETS . FOR EVENT identifier_list AT identifier_list ON DATE AT TIME FOR identifier_list SYM_END

    FOR             shift and go to state 72


state 44

    (37) confirm_command -> KEYWORD_CONFIRM INTEGER ACCOMMODATION . FOR identifier_list IN identifier_list ON DATE TO DATE AT TIME FOR identifier_list SYM_END

    FOR             shift and go to state 73


state 45

    (36) confirm_command -> KEYWORD_CONFIRM ACCOMMODATION FOR . identifier_list IN identifier_list ON DATE TO DATE AT TIME FOR identifier_list SYM_END
    (10) identifier_list -> . IDENTIFIER identifier_list
    (11) identifier_list -> . IDENTIFIER
    (12) identifier_list -> . STRING
    (13) identifier_list -> . identifier_list - identifier_list

    IDENTIFIER      shift and go to state 61
    STRING          shift and go to state 62

    identifier_list                shift and go to state 74

state 46

    (38) pay_command -> KEYWORD_PAY TICKET FOR . identifier_list ON DATE AT TIME FOR identifier_list SYM_END
    (40) pay_command -> KEYWORD_PAY TICKET FOR . identifier_list FROM identifier_list TO identifier_list ON DATE AT TIME FOR identifier_list SYM_END
    (42) pay_command -> KEYWORD_PAY TICKET FOR . CONCERT identifier_list IN identifier_list ON DATE AT TIME FOR identifier_list SYM_END
    (44) pay_command -> KEYWORD_PAY TICKET FOR . CONCERT identifier_list AT identifier_list ON DATE AT TIME FOR identifier_list SYM_END
    (46) pay_command -> KEYWORD_PAY TICKET FOR . EVENT identifier_list AT identifier_list ON DATE AT TIME FOR identifier_list SYM_END
    (10) identifier_list -> . IDENTIFIER identifier_list
    (11) identifier_list -> . IDENTIFIER
    (12) identifier_list -> . STRING
    (13) identifier_list -> . identifier_list - identifier_list

    CONCERT         shift and go to state 76
    EVENT           shift and go to state 77
    IDENTIFIER      shift and go to state 61
    STRING          shift and go to state 62

    identifier_list                shift and go to state 75

state 47

    (39) pay_command -> KEYWORD_PAY INTEGER TICKETS . FOR identifier_list ON DATE AT TIME FOR identifier_list SYM_END
    (41) pay_command -> KEYWORD_PAY INTEGER TICKETS . FOR identifier_list FROM identifier_list TO identifier_list ON DATE AT TIME FOR identifier_list SYM_END
    (43) pay_command -> KEYWORD_PAY INTEGER TICKETS . FOR CONCERT identifier_list IN identifier_list ON DATE AT TIME FOR identifier_list SYM_END
    (45) pay_command -> KEYWORD_PAY INTEGER TICKETS . FOR CONCERT identifier_list AT identifier_list ON DATE AT TIME FOR identifier_list SYM_END
    (47) pay_command -> KEYWORD_PAY INTEGER TICKETS . FOR EVENT identifier_list AT identifier_list ON DATE AT TIME FOR identifier_list SYM_END

    FOR             shift and go to state 78


state 48

    (49) pay_command -> KEYWORD_PAY INTEGER ACCOMMODATIONS . FOR identifier_list IN identifier_list ON DATE TO DATE AT TIME FOR identifier_list SYM_END

    FOR             shift and go to state 79


state 49

    (48) pay_command -> KEYWORD_PAY ACCOMMODATION FOR . identifier_list IN identifier_list ON DATE TO DATE AT TIME FOR identifier_list SYM_END
    (10) identifier_list -> . IDENTIFIER identifier_list
    (11) identifier_list -> . IDENTIFIER
    (12) identifier_list -> . STRING
    (13) identifier_list -> . identifier_list - identifier_list

    IDENTIFIER      shift and go to state 61
    STRING          shift and go to state 62

    identifier_list                shift and go to state 80

state 50

    (50) cancel_command -> KEYWORD_CANCEL TICKET FOR . identifier_list ON DATE AT TIME FOR identifier_list SYM_END
    (52) cancel_command -> KEYWORD_CANCEL TICKET FOR . identifier_list FROM identifier_list TO identifier_list ON DATE AT TIME FOR identifier_list SYM_END
    (54) cancel_command -> KEYWORD_CANCEL TICKET FOR . CONCERT identifier_list IN identifier_list ON DATE AT TIME FOR identifier_list SYM_END
    (56) cancel_command -> KEYWORD_CANCEL TICKET FOR . CONCERT identifier_list AT identifier_list ON DATE AT TIME FOR identifier_list SYM_END
    (58) cancel_command -> KEYWORD_CANCEL TICKET FOR . EVENT identifier_list AT identifier_list ON DATE AT TIME FOR identifier_list SYM_END
    (10) identifier_list -> . IDENTIFIER identifier_list
    (11) identifier_list -> . IDENTIFIER
    (12) identifier_list -> . STRING
    (13) identifier_list -> . identifier_list - identifier_list

    CONCERT         shift and go to state 82
    EVENT           shift and go to state 83
    IDENTIFIER      shift and go to state 61
    STRING          shift and go to state 62

    identifier_list                shift and go to state 81

state 51

    (51) cancel_command -> KEYWORD_CANCEL INTEGER TICKETS . FOR identifier_list ON DATE AT TIME FOR identifier_list SYM_END
    (53) cancel_command -> KEYWORD_CANCEL INTEGER TICKETS . FOR identifier_list FROM identifier_list TO identifier_list ON DATE AT TIME FOR identifier_list SYM_END
    (55) cancel_command -> KEYWORD_CANCEL INTEGER TICKETS . FOR CONCERT identifier_list IN identifier_list ON DATE AT TIME FOR identifier_list SYM_END
    (57) cancel_command -> KEYWORD_CANCEL INTEGER TICKETS . FOR CONCERT identifier_list AT identifier_list ON DATE AT TIME FOR identifier_list SYM_END
    (59) cancel_command -> KEYWORD_CANCEL INTEGER TICKETS . FOR EVENT identifier_list AT identifier_list ON DATE AT TIME FOR identifier_list SYM_END

    FOR             shift and go to state 84


state 52

    (61) cancel_command -> KEYWORD_CANCEL INTEGER ACCOMMODATIONS . FOR identifier_list IN identifier_list ON DATE TO DATE AT TIME FOR identifier_list SYM_END

    FOR             shift and go to state 85


state 53

    (60) cancel_command -> KEYWORD_CANCEL ACCOMMODATION FOR . identifier_list IN identifier_list ON DATE TO DATE AT TIME FOR identifier_list SYM_END
    (10) identifier_list -> . IDENTIFIER identifier_list
    (11) identifier_list -> . IDENTIFIER
    (12) identifier_list -> . STRING
    (13) identifier_list -> . identifier_list - identifier_list

    IDENTIFIER      shift and go to state 61
    STRING          shift and go to state 62

    identifier_list                shift and go to state 86

state 54

    (62) list_command -> KEYWORD_LIST AVAILABLE SCHEDULE . FOR identifier_list SYM_END
    (63) list_command -> KEYWORD_LIST AVAILABLE SCHEDULE . FOR identifier_list FROM identifier_list TO identifier_list SYM_END

    FOR             shift and go to state 87


state 55

    (64) list_command -> KEYWORD_LIST AVAILABLE TICKETS . FOR identifier_list FROM identifier_list TO identifier_list SYM_END
    (65) list_command -> KEYWORD_LIST AVAILABLE TICKETS . FOR CONCERT identifier_list IN identifier_list SYM_END
    (66) list_command -> KEYWORD_LIST AVAILABLE TICKETS . FOR CONCERT identifier_list AT identifier_list SYM_END
    (67) list_command -> KEYWORD_LIST AVAILABLE TICKETS . FOR identifier_list SYM_END
    (68) list_command -> KEYWORD_LIST AVAILABLE TICKETS . FOR identifier_list AT identifier_list SYM_END
    (71) list_command -> KEYWORD_LIST AVAILABLE TICKETS . FOR EVENT identifier_list IN identifier_list SYM_END
    (72) list_command -> KEYWORD_LIST AVAILABLE TICKETS . FOR EVENT identifier_list AT identifier_list SYM_END

    FOR             shift and go to state 88


state 56

    (69) list_command -> KEYWORD_LIST AVAILABLE ACCOMMODATIONS . IN identifier_list SYM_END

    IN              shift and go to state 89


state 57

    (70) list_command -> KEYWORD_LIST AVAILABLE ROOMS . FOR identifier_list IN identifier_list SYM_END

    FOR             shift and go to state 90


state 58

    (73) view_command -> KEYWORD_VIEW SCHEDULE FOR . identifier_list SYM_END
    (10) identifier_list -> . IDENTIFIER identifier_list
    (11) identifier_list -> . IDENTIFIER
    (12) identifier_list -> . STRING
    (13) identifier_list -> . identifier_list - identifier_list

    IDENTIFIER      shift and go to state 61
    STRING          shift and go to state 62

    identifier_list                shift and go to state 91

state 59

    (74) view_command -> KEYWORD_VIEW SCHEDULES FOR . identifier_list SYM_END
    (10) identifier_list -> . IDENTIFIER identifier_list
    (11) identifier_list -> . IDENTIFIER
    (12) identifier_list -> . STRING
    (13) identifier_list -> . identifier_list - identifier_list

    IDENTIFIER      shift and go to state 61
    STRING          shift and go to state 62

    identifier_list                shift and go to state 92

state 60

    (75) history_command -> KEYWORD_HISTORY FOR identifier_list . SYM_END
    (13) identifier_list -> identifier_list . - identifier_list

    SYM_END         shift and go to state 93
    -               shift and go to state 94


state 61

    (10) identifier_list -> IDENTIFIER . identifier_list
    (11) identifier_list -> IDENTIFIER .
    (10) identifier_list -> . IDENTIFIER identifier_list
    (11) identifier_list -> . IDENTIFIER
    (12) identifier_list -> . STRING
    (13) identifier_list -> . identifier_list - identifier_list

    SYM_END         reduce using rule 11 (identifier_list -> IDENTIFIER .)
    -               reduce using rule 11 (identifier_list -> IDENTIFIER .)
    ON              reduce using rule 11 (identifier_list -> IDENTIFIER .)
    FROM            reduce using rule 11 (identifier_list -> IDENTIFIER .)
    IN              reduce using rule 11 (identifier_list -> IDENTIFIER .)
    AT              reduce using rule 11 (identifier_list -> IDENTIFIER .)
    TO              reduce using rule 11 (identifier_list -> IDENTIFIER .)
    IDENTIFIER      shift and go to state 61
    STRING          shift and go to state 62

    identifier_list                shift and go to state 95

state 62

    (12) identifier_list -> STRING .

    SYM_END         reduce using rule 12 (identifier_list -> STRING .)
    -               reduce using rule 12 (identifier_list -> STRING .)
    ON              reduce using rule 12 (identifier_list -> STRING .)
    FROM            reduce using rule 12 (identifier_list -> STRING .)
    IN              reduce using rule 12 (identifier_list -> STRING .)
    AT              reduce using rule 12 (identifier_list -> STRING .)
    TO              reduce using rule 12 (identifier_list -> STRING .)


state 63

    (14) book_command -> KEYWORD_BOOK TICKET FOR identifier_list . ON DATE AT TIME FOR identifier_list SYM_END
    (16) book_command -> KEYWORD_BOOK TICKET FOR identifier_list . FROM identifier_list TO identifier_list ON DATE AT TIME FOR identifier_list SYM_END
    (13) identifier_list -> identifier_list . - identifier_list

    ON              shift and go to state 96
    FROM            shift and go to state 97
    -               shift and go to state 94


state 64

    (18) book_command -> KEYWORD_BOOK TICKET FOR CONCERT . identifier_list IN identifier_list ON DATE AT TIME FOR identifier_list SYM_END
    (20) book_command -> KEYWORD_BOOK TICKET FOR CONCERT . identifier_list AT identifier_list ON DATE AT TIME FOR identifier_list SYM_END
    (10) identifier_list -> . IDENTIFIER identifier_list
    (11) identifier_list -> . IDENTIFIER
    (12) identifier_list -> . STRING
    (13) identifier_list -> . identifier_list - identifier_list

    IDENTIFIER      shift and go to state 61
    STRING          shift and go to state 62

    identifier_list                shift and go to state 98

state 65

    (22) book_command -> KEYWORD_BOOK TICKET FOR EVENT . identifier_list AT identifier_list ON DATE AT TIME FOR identifier_list SYM_END
    (10) identifier_list -> . IDENTIFIER identifier_list
    (11) identifier_list -> . IDENTIFIER
    (12) identifier_list -> . STRING
    (13) identifier_list -> . identifier_list - identifier_list

    IDENTIFIER      shift and go to state 61
    STRING          shift and go to state 62

    identifier_list                shift and go to state 99

state 66

    (15) book_command -> KEYWORD_BOOK INTEGER TICKETS FOR . identifier_list ON DATE AT TIME FOR identifier_list SYM_END
    (17) book_command -> KEYWORD_BOOK INTEGER TICKETS FOR . identifier_list FROM identifier_list TO identifier_list ON DATE AT TIME FOR identifier_list SYM_END
    (19) book_command -> KEYWORD_BOOK INTEGER TICKETS FOR . CONCERT identifier_list IN identifier_list ON DATE AT TIME FOR identifier_list SYM_END
    (21) book_command -> KEYWORD_BOOK INTEGER TICKETS FOR . CONCERT identifier_list AT identifier_list ON DATE AT TIME FOR identifier_list SYM_END
    (23) book_command -> KEYWORD_BOOK INTEGER TICKETS FOR . EVENT identifier_list AT identifier_list ON DATE AT TIME FOR identifier_list SYM_END
    (10) identifier_list -> . IDENTIFIER identifier_list
    (11) identifier_list -> . IDENTIFIER
    (12) identifier_list -> . STRING
    (13) identifier_list -> . identifier_list - identifier_list

    CONCERT         shift and go to state 101
    EVENT           shift and go to state 102
    IDENTIFIER      shift and go to state 61
    STRING          shift and go to state 62

    identifier_list                shift and go to state 100

state 67

    (25) book_command -> KEYWORD_BOOK INTEGER ACCOMMODATIONS FOR . identifier_list IN identifier_list ON DATE TO DATE AT TIME FOR identifier_list SYM_END
    (10) identifier_list -> . IDENTIFIER identifier_list
    (11) identifier_list -> . IDENTIFIER
    (12) identifier_list -> . STRING
    (13) identifier_list -> . identifier_list - identifier_list

    IDENTIFIER      shift and go to state 61
    STRING          shift and go to state 62

    identifier_list                shift and go to state 103

state 68

    (24) book_command -> KEYWORD_BOOK ACCOMMODATION FOR identifier_list . IN identifier_list ON DATE TO DATE AT TIME FOR identifier_list SYM_END
    (13) identifier_list -> identifier_list . - identifier_list

    IN              shift and go to state 104
    -               shift and go to state 94


state 69

    (26) confirm_command -> KEYWORD_CONFIRM TICKET FOR identifier_list . ON DATE AT TIME FOR identifier_list SYM_END
    (28) confirm_command -> KEYWORD_CONFIRM TICKET FOR identifier_list . FROM identifier_list TO identifier_list ON DATE AT TIME FOR identifier_list SYM_END
    (13) identifier_list -> identifier_list . - identifier_list

    ON              shift and go to state 105
    FROM            shift and go to state 106
    -               shift and go to state 94


state 70

    (30) confirm_command -> KEYWORD_CONFIRM TICKET FOR CONCERT . identifier_list IN identifier_list ON DATE AT TIME FOR identifier_list SYM_END
    (32) confirm_command -> KEYWORD_CONFIRM TICKET FOR CONCERT . identifier_list AT identifier_list ON DATE AT TIME FOR identifier_list SYM_END
    (10) identifier_list -> . IDENTIFIER identifier_list
    (11) identifier_list -> . IDENTIFIER
    (12) identifier_list -> . STRING
    (13) identifier_list -> . identifier_list - identifier_list

    IDENTIFIER      shift and go to state 61
    STRING          shift and go to state 62

    identifier_list                shift and go to state 107

state 71

    (34) confirm_command -> KEYWORD_CONFIRM TICKET FOR EVENT . identifier_list AT identifier_list ON DATE AT TIME FOR identifier_list SYM_END
    (10) identifier_list -> . IDENTIFIER identifier_list
    (11) identifier_list -> . IDENTIFIER
    (12) identifier_list -> . STRING
    (13) identifier_list -> . identifier_list - identifier_list

    IDENTIFIER      shift and go to state 61
    STRING          shift and go to state 62

    identifier_list                shift and go to state 108

state 72

    (27) confirm_command -> KEYWORD_CONFIRM INTEGER TICKETS FOR . identifier_list ON DATE AT TIME FOR identifier_list SYM_END
    (29) confirm_command -> KEYWORD_CONFIRM INTEGER TICKETS FOR . identifier_list FROM identifier_list TO identifier_list ON DATE AT TIME FOR identifier_list SYM_END
    (31) confirm_command -> KEYWORD_CONFIRM INTEGER TICKETS FOR . CONCERT identifier_list IN identifier_list ON DATE AT TIME FOR identifier_list SYM_END
    (33) confirm_command -> KEYWORD_CONFIRM INTEGER TICKETS FOR . CONCERT identifier_list AT identifier_list ON DATE AT TIME FOR identifier_list SYM_END
    (35) confirm_command -> KEYWORD_CONFIRM INTEGER TICKETS FOR . EVENT identifier_list AT identifier_list ON DATE AT TIME FOR identifier_list SYM_END
    (10) identifier_list -> . IDENTIFIER identifier_list
    (11) identifier_list -> . IDENTIFIER
    (12) identifier_list -> . STRING
    (13) identifier_list -> . identifier_list - identifier_list

    CONCERT         shift and go to state 110
    EVENT           shift and go to state 111
    IDENTIFIER      shift and go to state 61
    STRING          shift and go to state 62

    identifier_list                shift and go to state 109

state 73

    (37) confirm_command -> KEYWORD_CONFIRM INTEGER ACCOMMODATION FOR . identifier_list IN identifier_list ON DATE TO DATE AT TIME FOR identifier_list SYM_END
    (10) identifier_list -> . IDENTIFIER identifier_list
    (11) identifier_list -> . IDENTIFIER
    (12) identifier_list -> . STRING
    (13) identifier_list -> . identifier_list - identifier_list

    IDENTIFIER      shift and go to state 61
    STRING          shift and go to state 62

    identifier_list                shift and go to state 112

state 74

    (36) confirm_command -> KEYWORD_CONFIRM ACCOMMODATION FOR identifier_list . IN identifier_list ON DATE TO DATE AT TIME FOR identifier_list SYM_END
    (13) identifier_list -> identifier_list . - identifier_list

    IN              shift and go to state 113
    -               shift and go to state 94


state 75

    (38) pay_command -> KEYWORD_PAY TICKET FOR identifier_list . ON DATE AT TIME FOR identifier_list SYM_END
    (40) pay_command -> KEYWORD_PAY TICKET FOR identifier_list . FROM identifier_list TO identifier_list ON DATE AT TIME FOR identifier_list SYM_END
    (13) identifier_list -> identifier_list . - identifier_list

    ON              shift and go to state 114
    FROM            shift and go to state 115
    -               shift and go to state 94


state 76

    (42) pay_command -> KEYWORD_PAY TICKET FOR CONCERT . identifier_list IN identifier_list ON DATE AT TIME FOR identifier_list SYM_END
    (44) pay_command -> KEYWORD_PAY TICKET FOR CONCERT . identifier_list AT identifier_list ON DATE AT TIME FOR identifier_list SYM_END
    (10) identifier_list -> . IDENTIFIER identifier_list
    (11) identifier_list -> . IDENTIFIER
    (12) identifier_list -> . STRING
    (13) identifier_list -> . identifier_list - identifier_list

    IDENTIFIER      shift and go to state 61
    STRING          shift and go to state 62

    identifier_list                shift and go to state 116

state 77

    (46) pay_command -> KEYWORD_PAY TICKET FOR EVENT . identifier_list AT identifier_list ON DATE AT TIME FOR identifier_list SYM_END
    (10) identifier_list -> . IDENTIFIER identifier_list
    (11) identifier_list -> . IDENTIFIER
    (12) identifier_list -> . STRING
    (13) identifier_list -> . identifier_list - identifier_list

    IDENTIFIER      shift and go to state 61
    STRING          shift and go to state 62

    identifier_list                shift and go to state 117

state 78

    (39) pay_command -> KEYWORD_PAY INTEGER TICKETS FOR . identifier_list ON DATE AT TIME FOR identifier_list SYM_END
    (41) pay_command -> KEYWORD_PAY INTEGER TICKETS FOR . identifier_list FROM identifier_list TO identifier_list ON DATE AT TIME FOR identifier_list SYM_END
    (43) pay_command -> KEYWORD_PAY INTEGER TICKETS FOR . CONCERT identifier_list IN identifier_list ON DATE AT TIME FOR identifier_list SYM_END
    (45) pay_command -> KEYWORD_PAY INTEGER TICKETS FOR . CONCERT identifier_list AT identifier_list ON DATE AT TIME FOR identifier_list SYM_END
    (47) pay_command -> KEYWORD_PAY INTEGER TICKETS FOR . EVENT identifier_list AT identifier_list ON DATE AT TIME FOR identifier_list SYM_END
    (10) identifier_list -> . IDENTIFIER identifier_list
    (11) identifier_list -> . IDENTIFIER
    (12) identifier_list -> . STRING
    (13) identifier_list -> . identifier_list - identifier_list

    CONCERT         shift and go to state 119
    EVENT           shift and go to state 120
    IDENTIFIER      shift and go to state 61
    STRING          shift and go to state 62

    identifier_list                shift and go to state 118

state 79

    (49) pay_command -> KEYWORD_PAY INTEGER ACCOMMODATIONS FOR . identifier_list IN identifier_list ON DATE TO DATE AT TIME FOR identifier_list SYM_END
    (10) identifier_list -> . IDENTIFIER identifier_list
    (11) identifier_list -> . IDENTIFIER
    (12) identifier_list -> . STRING
    (13) identifier_list -> . identifier_list - identifier_list

    IDENTIFIER      shift and go to state 61
    STRING          shift and go to state 62

    identifier_list                shift and go to state 121

state 80

    (48) pay_command -> KEYWORD_PAY ACCOMMODATION FOR identifier_list . IN identifier_list ON DATE TO DATE AT TIME FOR identifier_list SYM_END
    (13) identifier_list -> identifier_list . - identifier_list

    IN              shift and go to state 122
    -               shift and go to state 94


state 81

    (50) cancel_command -> KEYWORD_CANCEL TICKET FOR identifier_list . ON DATE AT TIME FOR identifier_list SYM_END
    (52) cancel_command -> KEYWORD_CANCEL TICKET FOR identifier_list . FROM identifier_list TO identifier_list ON DATE AT TIME FOR identifier_list SYM_END
    (13) identifier_list -> identifier_list . - identifier_list

    ON              shift and go to state 123
    FROM            shift and go to state 124
    -               shift and go to state 94


state 82

    (54) cancel_command -> KEYWORD_CANCEL TICKET FOR CONCERT . identifier_list IN identifier_list ON DATE AT TIME FOR identifier_list SYM_END
    (56) cancel_command -> KEYWORD_CANCEL TICKET FOR CONCERT . identifier_list AT identifier_list ON DATE AT TIME FOR identifier_list SYM_END
    (10) identifier_list -> . IDENTIFIER identifier_list
    (11) identifier_list -> . IDENTIFIER
    (12) identifier_list -> . STRING
    (13) identifier_list -> . identifier_list - identifier_list

    IDENTIFIER      shift and go to state 61
    STRING          shift and go to state 62

    identifier_list                shift and go to state 125

state 83

    (58) cancel_command -> KEYWORD_CANCEL TICKET FOR EVENT . identifier_list AT identifier_list ON DATE AT TIME FOR identifier_list SYM_END
    (10) identifier_list -> . IDENTIFIER identifier_list
    (11) identifier_list -> . IDENTIFIER
    (12) identifier_list -> . STRING
    (13) identifier_list -> . identifier_list - identifier_list

    IDENTIFIER      shift and go to state 61
    STRING          shift and go to state 62

    identifier_list                shift and go to state 126

state 84

    (51) cancel_command -> KEYWORD_CANCEL INTEGER TICKETS FOR . identifier_list ON DATE AT TIME FOR identifier_list SYM_END
    (53) cancel_command -> KEYWORD_CANCEL INTEGER TICKETS FOR . identifier_list FROM identifier_list TO identifier_list ON DATE AT TIME FOR identifier_list SYM_END
    (55) cancel_command -> KEYWORD_CANCEL INTEGER TICKETS FOR . CONCERT identifier_list IN identifier_list ON DATE AT TIME FOR identifier_list SYM_END
    (57) cancel_command -> KEYWORD_CANCEL INTEGER TICKETS FOR . CONCERT identifier_list AT identifier_list ON DATE AT TIME FOR identifier_list SYM_END
    (59) cancel_command -> KEYWORD_CANCEL INTEGER TICKETS FOR . EVENT identifier_list AT identifier_list ON DATE AT TIME FOR identifier_list SYM_END
    (10) identifier_list -> . IDENTIFIER identifier_list
    (11) identifier_list -> . IDENTIFIER
    (12) identifier_list -> . STRING
    (13) identifier_list -> . identifier_list - identifier_list

    CONCERT         shift and go to state 128
    EVENT           shift and go to state 129
    IDENTIFIER      shift and go to state 61
    STRING          shift and go to state 62

    identifier_list                shift and go to state 127

state 85

    (61) cancel_command -> KEYWORD_CANCEL INTEGER ACCOMMODATIONS FOR . identifier_list IN identifier_list ON DATE TO DATE AT TIME FOR identifier_list SYM_END
    (10) identifier_list -> . IDENTIFIER identifier_list
    (11) identifier_list -> . IDENTIFIER
    (12) identifier_list -> . STRING
    (13) identifier_list -> . identifier_list - identifier_list

    IDENTIFIER      shift and go to state 61
    STRING          shift and go to state 62

    identifier_list                shift and go to state 130

state 86

    (60) cancel_command -> KEYWORD_CANCEL ACCOMMODATION FOR identifier_list . IN identifier_list ON DATE TO DATE AT TIME FOR identifier_list SYM_END
    (13) identifier_list -> identifier_list . - identifier_list

    IN              shift and go to state 131
    -               shift and go to state 94


state 87

    (62) list_command -> KEYWORD_LIST AVAILABLE SCHEDULE FOR . identifier_list SYM_END
    (63) list_command -> KEYWORD_LIST AVAILABLE SCHEDULE FOR . identifier_list FROM identifier_list TO identifier_list SYM_END
    (10) identifier_list -> . IDENTIFIER identifier_list
    (11) identifier_list -> . IDENTIFIER
    (12) identifier_list -> . STRING
    (13) identifier_list -> . identifier_list - identifier_list

    IDENTIFIER      shift and go to state 61
    STRING          shift and go to state 62

    identifier_list                shift and go to state 132

state 88

    (64) list_command -> KEYWORD_LIST AVAILABLE TICKETS FOR . identifier_list FROM identifier_list TO identifier_list SYM_END
    (65) list_command -> KEYWORD_LIST AVAILABLE TICKETS FOR . CONCERT identifier_list IN identifier_list SYM_END
    (66) list_command -> KEYWORD_LIST AVAILABLE TICKETS FOR . CONCERT identifier_list AT identifier_list SYM_END
    (67) list_command -> KEYWORD_LIST AVAILABLE TICKETS FOR . identifier_list SYM_END
    (68) list_command -> KEYWORD_LIST AVAILABLE TICKETS FOR . identifier_list AT identifier_list SYM_END
    (71) list_command -> KEYWORD_LIST AVAILABLE TICKETS FOR . EVENT identifier_list IN identifier_list SYM_END
    (72) list_command -> KEYWORD_LIST AVAILABLE TICKETS FOR . EVENT identifier_list AT identifier_list SYM_END
    (10) identifier_list -> . IDENTIFIER identifier_list
    (11) identifier_list -> . IDENTIFIER
    (12) identifier_list -> . STRING
    (13) identifier_list -> . identifier_list - identifier_list

    CONCERT         shift and go to state 134
    EVENT           shift and go to state 135
    IDENTIFIER      shift and go to state 61
    STRING          shift and go to state 62

    identifier_list                shift and go to state 133

state 89

    (69) list_command -> KEYWORD_LIST AVAILABLE ACCOMMODATIONS IN . identifier_list SYM_END
    (10) identifier_list -> . IDENTIFIER identifier_list
    (11) identifier_list -> . IDENTIFIER
    (12) identifier_list -> . STRING
    (13) identifier_list -> . identifier_list - identifier_list

    IDENTIFIER      shift and go to state 61
    STRING          shift and go to state 62

    identifier_list                shift and go to state 136

state 90

    (70) list_command -> KEYWORD_LIST AVAILABLE ROOMS FOR . identifier_list IN identifier_list SYM_END
    (10) identifier_list -> . IDENTIFIER identifier_list
    (11) identifier_list -> . IDENTIFIER
    (12) identifier_list -> . STRING
    (13) identifier_list -> . identifier_list - identifier_list

    IDENTIFIER      shift and go to state 61
    STRING          shift and go to state 62

    identifier_list                shift and go to state 137

state 91

    (73) view_command -> KEYWORD_VIEW SCHEDULE FOR identifier_list . SYM_END
    (13) identifier_list -> identifier_list . - identifier_list

    SYM_END         shift and go to state 138
    -               shift and go to state 94


state 92

    (74) view_command -> KEYWORD_VIEW SCHEDULES FOR identifier_list . SYM_END
    (13) identifier_list -> identifier_list . - identifier_list

    SYM_END         shift and go to state 139
    -               shift and go to state 94


state 93

    (75) history_command -> KEYWORD_HISTORY FOR identifier_list SYM_END .

    $end            reduce using rule 75 (history_command -> KEYWORD_HISTORY FOR identifier_list SYM_END .)


state 94

    (13) identifier_list -> identifier_list - . identifier_list
    (10) identifier_list -> . IDENTIFIER identifier_list
    (11) identifier_list -> . IDENTIFIER
    (12) identifier_list -> . STRING
    (13) identifier_list -> . identifier_list - identifier_list

    IDENTIFIER      shift and go to state 61
    STRING          shift and go to state 62

    identifier_list                shift and go to state 140

state 95

    (10) identifier_list -> IDENTIFIER identifier_list .
    (13) identifier_list -> identifier_list . - identifier_list

  ! shift/reduce conflict for - resolved as shift
    SYM_END         reduce using rule 10 (identifier_list -> IDENTIFIER identifier_list .)
    ON              reduce using rule 10 (identifier_list -> IDENTIFIER identifier_list .)
    FROM            reduce using rule 10 (identifier_list -> IDENTIFIER identifier_list .)
    IN              reduce using rule 10 (identifier_list -> IDENTIFIER identifier_list .)
    AT              reduce using rule 10 (identifier_list -> IDENTIFIER identifier_list .)
    TO              reduce using rule 10 (identifier_list -> IDENTIFIER identifier_list .)
    -               shift and go to state 94

  ! -               [ reduce using rule 10 (identifier_list -> IDENTIFIER identifier_list .) ]


state 96

    (14) book_command -> KEYWORD_BOOK TICKET FOR identifier_list ON . DATE AT TIME FOR identifier_list SYM_END

    DATE            shift and go to state 141


state 97

    (16) book_command -> KEYWORD_BOOK TICKET FOR identifier_list FROM . identifier_list TO identifier_list ON DATE AT TIME FOR identifier_list SYM_END
    (10) identifier_list -> . IDENTIFIER identifier_list
    (11) identifier_list -> . IDENTIFIER
    (12) identifier_list -> . STRING
    (13) identifier_list -> . identifier_list - identifier_list

    IDENTIFIER      shift and go to state 61
    STRING          shift and go to state 62

    identifier_list                shift and go to state 142

state 98

    (18) book_command -> KEYWORD_BOOK TICKET FOR CONCERT identifier_list . IN identifier_list ON DATE AT TIME FOR identifier_list SYM_END
    (20) book_command -> KEYWORD_BOOK TICKET FOR CONCERT identifier_list . AT identifier_list ON DATE AT TIME FOR identifier_list SYM_END
    (13) identifier_list -> identifier_list . - identifier_list

    IN              shift and go to state 143
    AT              shift and go to state 144
    -               shift and go to state 94


state 99

    (22) book_command -> KEYWORD_BOOK TICKET FOR EVENT identifier_list . AT identifier_list ON DATE AT TIME FOR identifier_list SYM_END
    (13) identifier_list -> identifier_list . - identifier_list

    AT              shift and go to state 145
    -               shift and go to state 94


state 100

    (15) book_command -> KEYWORD_BOOK INTEGER TICKETS FOR identifier_list . ON DATE AT TIME FOR identifier_list SYM_END
    (17) book_command -> KEYWORD_BOOK INTEGER TICKETS FOR identifier_list . FROM identifier_list TO identifier_list ON DATE AT TIME FOR identifier_list SYM_END
    (13) identifier_list -> identifier_list . - identifier_list

    ON              shift and go to state 146
    FROM            shift and go to state 147
    -               shift and go to state 94


state 101

    (19) book_command -> KEYWORD_BOOK INTEGER TICKETS FOR CONCERT . identifier_list IN identifier_list ON DATE AT TIME FOR identifier_list SYM_END
    (21) book_command -> KEYWORD_BOOK INTEGER TICKETS FOR CONCERT . identifier_list AT identifier_list ON DATE AT TIME FOR identifier_list SYM_END
    (10) identifier_list -> . IDENTIFIER identifier_list
    (11) identifier_list -> . IDENTIFIER
    (12) identifier_list -> . STRING
    (13) identifier_list -> . identifier_list - identifier_list

    IDENTIFIER      shift and go to state 61
    STRING          shift and go to state 62

    identifier_list                shift and go to state 148

state 102

    (23) book_command -> KEYWORD_BOOK INTEGER TICKETS FOR EVENT . identifier_list AT identifier_list ON DATE AT TIME FOR identifier_list SYM_END
    (10) identifier_list -> . IDENTIFIER identifier_list
    (11) identifier_list -> . IDENTIFIER
    (12) identifier_list -> . STRING
    (13) identifier_list -> . identifier_list - identifier_list

    IDENTIFIER      shift and go to state 61
    STRING          shift and go to state 62

    identifier_list                shift and go to state 149

state 103

    (25) book_command -> KEYWORD_BOOK INTEGER ACCOMMODATIONS FOR identifier_list . IN identifier_list ON DATE TO DATE AT TIME FOR identifier_list SYM_END
    (13) identifier_list -> identifier_list . - identifier_list

    IN              shift and go to state 150
    -               shift and go to state 94


state 104

    (24) book_command -> KEYWORD_BOOK ACCOMMODATION FOR identifier_list IN . identifier_list ON DATE TO DATE AT TIME FOR identifier_list SYM_END
    (10) identifier_list -> . IDENTIFIER identifier_list
    (11) identifier_list -> . IDENTIFIER
    (12) identifier_list -> . STRING
    (13) identifier_list -> . identifier_list - identifier_list

    IDENTIFIER      shift and go to state 61
    STRING          shift and go to state 62

    identifier_list                shift and go to state 151

state 105

    (26) confirm_command -> KEYWORD_CONFIRM TICKET FOR identifier_list ON . DATE AT TIME FOR identifier_list SYM_END

    DATE            shift and go to state 152


state 106

    (28) confirm_command -> KEYWORD_CONFIRM TICKET FOR identifier_list FROM . identifier_list TO identifier_list ON DATE AT TIME FOR identifier_list SYM_END
    (10) identifier_list -> . IDENTIFIER identifier_list
    (11) identifier_list -> . IDENTIFIER
    (12) identifier_list -> . STRING
    (13) identifier_list -> . identifier_list - identifier_list

    IDENTIFIER      shift and go to state 61
    STRING          shift and go to state 62

    identifier_list                shift and go to state 153

state 107

    (30) confirm_command -> KEYWORD_CONFIRM TICKET FOR CONCERT identifier_list . IN identifier_list ON DATE AT TIME FOR identifier_list SYM_END
    (32) confirm_command -> KEYWORD_CONFIRM TICKET FOR CONCERT identifier_list . AT identifier_list ON DATE AT TIME FOR identifier_list SYM_END
    (13) identifier_list -> identifier_list . - identifier_list

    IN              shift and go to state 154
    AT              shift and go to state 155
    -               shift and go to state 94


state 108

    (34) confirm_command -> KEYWORD_CONFIRM TICKET FOR EVENT identifier_list . AT identifier_list ON DATE AT TIME FOR identifier_list SYM_END
    (13) identifier_list -> identifier_list . - identifier_list

    AT              shift and go to state 156
    -               shift and go to state 94


state 109

    (27) confirm_command -> KEYWORD_CONFIRM INTEGER TICKETS FOR identifier_list . ON DATE AT TIME FOR identifier_list SYM_END
    (29) confirm_command -> KEYWORD_CONFIRM INTEGER TICKETS FOR identifier_list . FROM identifier_list TO identifier_list ON DATE AT TIME FOR identifier_list SYM_END
    (13) identifier_list -> identifier_list . - identifier_list

    ON              shift and go to state 157
    FROM            shift and go to state 158
    -               shift and go to state 94


state 110

    (31) confirm_command -> KEYWORD_CONFIRM INTEGER TICKETS FOR CONCERT . identifier_list IN identifier_list ON DATE AT TIME FOR identifier_list SYM_END
    (33) confirm_command -> KEYWORD_CONFIRM INTEGER TICKETS FOR CONCERT . identifier_list AT identifier_list ON DATE AT TIME FOR identifier_list SYM_END
    (10) identifier_list -> . IDENTIFIER identifier_list
    (11) identifier_list -> . IDENTIFIER
    (12) identifier_list -> . STRING
    (13) identifier_list -> . identifier_list - identifier_list

    IDENTIFIER      shift and go to state 61
    STRING          shift and go to state 62

    identifier_list                shift and go to state 159

state 111

    (35) confirm_command -> KEYWORD_CONFIRM INTEGER TICKETS FOR EVENT . identifier_list AT identifier_list ON DATE AT TIME FOR identifier_list SYM_END
    (10) identifier_list -> . IDENTIFIER identifier_list
    (11) identifier_list -> . IDENTIFIER
    (12) identifier_list -> . STRING
    (13) identifier_list -> . identifier_list - identifier_list

    IDENTIFIER      shift and go to state 61
    STRING          shift and go to state 62

    identifier_list                shift and go to state 160

state 112

    (37) confirm_command -> KEYWORD_CONFIRM INTEGER ACCOMMODATION FOR identifier_list . IN identifier_list ON DATE TO DATE AT TIME FOR identifier_list SYM_END
    (13) identifier_list -> identifier_list . - identifier_list

    IN              shift and go to state 161
    -               shift and go to state 94


state 113

    (36) confirm_command -> KEYWORD_CONFIRM ACCOMMODATION FOR identifier_list IN . identifier_list ON DATE TO DATE AT TIME FOR identifier_list SYM_END
    (10) identifier_list -> . IDENTIFIER identifier_list
    (11) identifier_list -> . IDENTIFIER
    (12) identifier_list -> . STRING
    (13) identifier_list -> . identifier_list - identifier_list

    IDENTIFIER      shift and go to state 61
    STRING          shift and go to state 62

    identifier_list                shift and go to state 162

state 114

    (38) pay_command -> KEYWORD_PAY TICKET FOR identifier_list ON . DATE AT TIME FOR identifier_list SYM_END

    DATE            shift and go to state 163


state 115

    (40) pay_command -> KEYWORD_PAY TICKET FOR identifier_list FROM . identifier_list TO identifier_list ON DATE AT TIME FOR identifier_list SYM_END
    (10) identifier_list -> . IDENTIFIER identifier_list
    (11) identifier_list -> . IDENTIFIER
    (12) identifier_list -> . STRING
    (13) identifier_list -> . identifier_list - identifier_list

    IDENTIFIER      shift and go to state 61
    STRING          shift and go to state 62

    identifier_list                shift and go to state 164

state 116

    (42) pay_command -> KEYWORD_PAY TICKET FOR CONCERT identifier_list . IN identifier_list ON DATE AT TIME FOR identifier_list SYM_END
    (44) pay_command -> KEYWORD_PAY TICKET FOR CONCERT identifier_list . AT identifier_list ON DATE AT TIME FOR identifier_list SYM_END
    (13) identifier_list -> identifier_list . - identifier_list

    IN              shift and go to state 165
    AT              shift and go to state 166
    -               shift and go to state 94


state 117

    (46) pay_command -> KEYWORD_PAY TICKET FOR EVENT identifier_list . AT identifier_list ON DATE AT TIME FOR identifier_list SYM_END
    (13) identifier_list -> identifier_list . - identifier_list

    AT              shift and go to state 167
    -               shift and go to state 94


state 118

    (39) pay_command -> KEYWORD_PAY INTEGER TICKETS FOR identifier_list . ON DATE AT TIME FOR identifier_list SYM_END
    (41) pay_command -> KEYWORD_PAY INTEGER TICKETS FOR identifier_list . FROM identifier_list TO identifier_list ON DATE AT TIME FOR identifier_list SYM_END
    (13) identifier_list -> identifier_list . - identifier_list

    ON              shift and go to state 168
    FROM            shift and go to state 169
    -               shift and go to state 94


state 119

    (43) pay_command -> KEYWORD_PAY INTEGER TICKETS FOR CONCERT . identifier_list IN identifier_list ON DATE AT TIME FOR identifier_list SYM_END
    (45) pay_command -> KEYWORD_PAY INTEGER TICKETS FOR CONCERT . identifier_list AT identifier_list ON DATE AT TIME FOR identifier_list SYM_END
    (10) identifier_list -> . IDENTIFIER identifier_list
    (11) identifier_list -> . IDENTIFIER
    (12) identifier_list -> . STRING
    (13) identifier_list -> . identifier_list - identifier_list

    IDENTIFIER      shift and go to state 61
    STRING          shift and go to state 62

    identifier_list                shift and go to state 170

state 120

    (47) pay_command -> KEYWORD_PAY INTEGER TICKETS FOR EVENT . identifier_list AT identifier_list ON DATE AT TIME FOR identifier_list SYM_END
    (10) identifier_list -> . IDENTIFIER identifier_list
    (11) identifier_list -> . IDENTIFIER
    (12) identifier_list -> . STRING
    (13) identifier_list -> . identifier_list - identifier_list

    IDENTIFIER      shift and go to state 61
    STRING          shift and go to state 62

    identifier_list                shift and go to state 171

state 121

    (49) pay_command -> KEYWORD_PAY INTEGER ACCOMMODATIONS FOR identifier_list . IN identifier_list ON DATE TO DATE AT TIME FOR identifier_list SYM_END
    (13) identifier_list -> identifier_list . - identifier_list

    IN              shift and go to state 172
    -               shift and go to state 94


state 122

    (48) pay_command -> KEYWORD_PAY ACCOMMODATION FOR identifier_list IN . identifier_list ON DATE TO DATE AT TIME FOR identifier_list SYM_END
    (10) identifier_list -> . IDENTIFIER identifier_list
    (11) identifier_list -> . IDENTIFIER
    (12) identifier_list -> . STRING
    (13) identifier_list -> . identifier_list - identifier_list

    IDENTIFIER      shift and go to state 61
    STRING          shift and go to state 62

    identifier_list                shift and go to state 173

state 123

    (50) cancel_command -> KEYWORD_CANCEL TICKET FOR identifier_list ON . DATE AT TIME FOR identifier_list SYM_END

    DATE            shift and go to state 174


state 124

    (52) cancel_command -> KEYWORD_CANCEL TICKET FOR identifier_list FROM . identifier_list TO identifier_list ON DATE AT TIME FOR identifier_list SYM_END
    (10) identifier_list -> . IDENTIFIER identifier_list
    (11) identifier_list -> . IDENTIFIER
    (12) identifier_list -> . STRING
    (13) identifier_list -> . identifier_list - identifier_list

    IDENTIFIER      shift and go to state 61
    STRING          shift and go to state 62

    identifier_list                shift and go to state 175

state 125

    (54) cancel_command -> KEYWORD_CANCEL TICKET FOR CONCERT identifier_list . IN identifier_list ON DATE AT TIME FOR identifier_list SYM_END
    (56) cancel_command -> KEYWORD_CANCEL TICKET FOR CONCERT identifier_list . AT identifier_list ON DATE AT TIME FOR identifier_list SYM_END
    (13) identifier_list -> identifier_list . - identifier_list

    IN              shift and go to state 176
    AT              shift and go to state 177
    -               shift and go to state 94


state 126

    (58) cancel_command -> KEYWORD_CANCEL TICKET FOR EVENT identifier_list . AT identifier_list ON DATE AT TIME FOR identifier_list SYM_END
    (13) identifier_list -> identifier_list . - identifier_list

    AT              shift and go to state 178
    -               shift and go to state 94


state 127

    (51) cancel_command -> KEYWORD_CANCEL INTEGER TICKETS FOR identifier_list . ON DATE AT TIME FOR identifier_list SYM_END
    (53) cancel_command -> KEYWORD_CANCEL INTEGER TICKETS FOR identifier_list . FROM identifier_list TO identifier_list ON DATE AT TIME FOR identifier_list SYM_END
    (13) identifier_list -> identifier_list . - identifier_list

    ON              shift and go to state 179
    FROM            shift and go to state 180
    -               shift and go to state 94


state 128

    (55) cancel_command -> KEYWORD_CANCEL INTEGER TICKETS FOR CONCERT . identifier_list IN identifier_list ON DATE AT TIME FOR identifier_list SYM_END
    (57) cancel_command -> KEYWORD_CANCEL INTEGER TICKETS FOR CONCERT . identifier_list AT identifier_list ON DATE AT TIME FOR identifier_list SYM_END
    (10) identifier_list -> . IDENTIFIER identifier_list
    (11) identifier_list -> . IDENTIFIER
    (12) identifier_list -> . STRING
    (13) identifier_list -> . identifier_list - identifier_list

    IDENTIFIER      shift and go to state 61
    STRING          shift and go to state 62

    identifier_list                shift and go to state 181

state 129

    (59) cancel_command -> KEYWORD_CANCEL INTEGER TICKETS FOR EVENT . identifier_list AT identifier_list ON DATE AT TIME FOR identifier_list SYM_END
    (10) identifier_list -> . IDENTIFIER identifier_list
    (11) identifier_list -> . IDENTIFIER
    (12) identifier_list -> . STRING
    (13) identifier_list -> . identifier_list - identifier_list

    IDENTIFIER      shift and go to state 61
    STRING          shift and go to state 62

    identifier_list                shift and go to state 182

state 130

    (61) cancel_command -> KEYWORD_CANCEL INTEGER ACCOMMODATIONS FOR identifier_list . IN identifier_list ON DATE TO DATE AT TIME FOR identifier_list SYM_END
    (13) identifier_list -> identifier_list . - identifier_list

    IN              shift and go to state 183
    -               shift and go to state 94


state 131

    (60) cancel_command -> KEYWORD_CANCEL ACCOMMODATION FOR identifier_list IN . identifier_list ON DATE TO DATE AT TIME FOR identifier_list SYM_END
    (10) identifier_list -> . IDENTIFIER identifier_list
    (11) identifier_list -> . IDENTIFIER
    (12) identifier_list -> . STRING
    (13) identifier_list -> . identifier_list - identifier_list

    IDENTIFIER      shift and go to state 61
    STRING          shift and go to state 62

    identifier_list                shift and go to state 184

state 132

    (62) list_command -> KEYWORD_LIST AVAILABLE SCHEDULE FOR identifier_list . SYM_END
    (63) list_command -> KEYWORD_LIST AVAILABLE SCHEDULE FOR identifier_list . FROM identifier_list TO identifier_list SYM_END
    (13) identifier_list -> identifier_list . - identifier_list

    SYM_END         shift and go to state 185
    FROM            shift and go to state 186
    -               shift and go to state 94


state 133

    (64) list_command -> KEYWORD_LIST AVAILABLE TICKETS FOR identifier_list . FROM identifier_list TO identifier_list SYM_END
    (67) list_command -> KEYWORD_LIST AVAILABLE TICKETS FOR identifier_list . SYM_END
    (68) list_command -> KEYWORD_LIST AVAILABLE TICKETS FOR identifier_list . AT identifier_list SYM_END
    (13) identifier_list -> identifier_list . - identifier_list

    FROM            shift and go to state 187
    SYM_END         shift and go to state 188
    AT              shift and go to state 189
    -               shift and go to state 94


state 134

    (65) list_command -> KEYWORD_LIST AVAILABLE TICKETS FOR CONCERT . identifier_list IN identifier_list SYM_END
    (66) list_command -> KEYWORD_LIST AVAILABLE TICKETS FOR CONCERT . identifier_list AT identifier_list SYM_END
    (10) identifier_list -> . IDENTIFIER identifier_list
    (11) identifier_list -> . IDENTIFIER
    (12) identifier_list -> . STRING
    (13) identifier_list -> . identifier_list - identifier_list

    IDENTIFIER      shift and go to state 61
    STRING          shift and go to state 62

    identifier_list                shift and go to state 190

state 135

    (71) list_command -> KEYWORD_LIST AVAILABLE TICKETS FOR EVENT . identifier_list IN identifier_list SYM_END
    (72) list_command -> KEYWORD_LIST AVAILABLE TICKETS FOR EVENT . identifier_list AT identifier_list SYM_END
    (10) identifier_list -> . IDENTIFIER identifier_list
    (11) identifier_list -> . IDENTIFIER
    (12) identifier_list -> . STRING
    (13) identifier_list -> . identifier_list - identifier_list

    IDENTIFIER      shift and go to state 61
    STRING          shift and go to state 62

    identifier_list                shift and go to state 191

state 136

    (69) list_command -> KEYWORD_LIST AVAILABLE ACCOMMODATIONS IN identifier_list . SYM_END
    (13) identifier_list -> identifier_list . - identifier_list

    SYM_END         shift and go to state 192
    -               shift and go to state 94


state 137

    (70) list_command -> KEYWORD_LIST AVAILABLE ROOMS FOR identifier_list . IN identifier_list SYM_END
    (13) identifier_list -> identifier_list . - identifier_list

    IN              shift and go to state 193
    -               shift and go to state 94


state 138

    (73) view_command -> KEYWORD_VIEW SCHEDULE FOR identifier_list SYM_END .

    $end            reduce using rule 73 (view_command -> KEYWORD_VIEW SCHEDULE FOR identifier_list SYM_END .)


state 139

    (74) view_command -> KEYWORD_VIEW SCHEDULES FOR identifier_list SYM_END .

    $end            reduce using rule 74 (view_command -> KEYWORD_VIEW SCHEDULES FOR identifier_list SYM_END .)


state 140

    (13) identifier_list -> identifier_list - identifier_list .
    (13) identifier_list -> identifier_list . - identifier_list

  ! shift/reduce conflict for - resolved as shift
    SYM_END         reduce using rule 13 (identifier_list -> identifier_list - identifier_list .)
    ON              reduce using rule 13 (identifier_list -> identifier_list - identifier_list .)
    FROM            reduce using rule 13 (identifier_list -> identifier_list - identifier_list .)
    IN              reduce using rule 13 (identifier_list -> identifier_list - identifier_list .)
    AT              reduce using rule 13 (identifier_list -> identifier_list - identifier_list .)
    TO              reduce using rule 13 (identifier_list -> identifier_list - identifier_list .)
    -               shift and go to state 94

  ! -               [ reduce using rule 13 (identifier_list -> identifier_list - identifier_list .) ]


state 141

    (14) book_command -> KEYWORD_BOOK TICKET FOR identifier_list ON DATE . AT TIME FOR identifier_list SYM_END

    AT              shift and go to state 194


state 142

    (16) book_command -> KEYWORD_BOOK TICKET FOR identifier_list FROM identifier_list . TO identifier_list ON DATE AT TIME FOR identifier_list SYM_END
    (13) identifier_list -> identifier_list . - identifier_list

    TO              shift and go to state 195
    -               shift and go to state 94


state 143

    (18) book_command -> KEYWORD_BOOK TICKET FOR CONCERT identifier_list IN . identifier_list ON DATE AT TIME FOR identifier_list SYM_END
    (10) identifier_list -> . IDENTIFIER identifier_list
    (11) identifier_list -> . IDENTIFIER
    (12) identifier_list -> . STRING
    (13) identifier_list -> . identifier_list - identifier_list

    IDENTIFIER      shift and go to state 61
    STRING          shift and go to state 62

    identifier_list                shift and go to state 196

state 144

    (20) book_command -> KEYWORD_BOOK TICKET FOR CONCERT identifier_list AT . identifier_list ON DATE AT TIME FOR identifier_list SYM_END
    (10) identifier_list -> . IDENTIFIER identifier_list
    (11) identifier_list -> . IDENTIFIER
    (12) identifier_list -> . STRING
    (13) identifier_list -> . identifier_list - identifier_list

    IDENTIFIER      shift and go to state 61
    STRING          shift and go to state 62

    identifier_list                shift and go to state 197

state 145

    (22) book_command -> KEYWORD_BOOK TICKET FOR EVENT identifier_list AT . identifier_list ON DATE AT TIME FOR identifier_list SYM_END
    (10) identifier_list -> . IDENTIFIER identifier_list
    (11) identifier_list -> . IDENTIFIER
    (12) identifier_list -> . STRING
    (13) identifier_list -> . identifier_list - identifier_list

    IDENTIFIER      shift and go to state 61
    STRING          shift and go to state 62

    identifier_list                shift and go to state 198

state 146

    (15) book_command -> KEYWORD_BOOK INTEGER TICKETS FOR identifier_list ON . DATE AT TIME FOR identifier_list SYM_END

    DATE            shift and go to state 199


state 147

    (17) book_command -> KEYWORD_BOOK INTEGER TICKETS FOR identifier_list FROM . identifier_list TO identifier_list ON DATE AT TIME FOR identifier_list SYM_END
    (10) identifier_list -> . IDENTIFIER identifier_list
    (11) identifier_list -> . IDENTIFIER
    (12) identifier_list -> . STRING
    (13) identifier_list -> . identifier_list - identifier_list

    IDENTIFIER      shift and go to state 61
    STRING          shift and go to state 62

    identifier_list                shift and go to state 200

state 148

    (19) book_command -> KEYWORD_BOOK INTEGER TICKETS FOR CONCERT identifier_list . IN identifier_list ON DATE AT TIME FOR identifier_list SYM_END
    (21) book_command -> KEYWORD_BOOK INTEGER TICKETS FOR CONCERT identifier_list . AT identifier_list ON DATE AT TIME FOR identifier_list SYM_END
    (13) identifier_list -> identifier_list . - identifier_list

    IN              shift and go to state 201
    AT              shift and go to state 202
    -               shift and go to state 94


state 149

    (23) book_command -> KEYWORD_BOOK INTEGER TICKETS FOR EVENT identifier_list . AT identifier_list ON DATE AT TIME FOR identifier_list SYM_END
    (13) identifier_list -> identifier_list . - identifier_list

    AT              shift and go to state 203
    -               shift and go to state 94


state 150

    (25) book_command -> KEYWORD_BOOK INTEGER ACCOMMODATIONS FOR identifier_list IN . identifier_list ON DATE TO DATE AT TIME FOR identifier_list SYM_END
    (10) identifier_list -> . IDENTIFIER identifier_list
    (11) identifier_list -> . IDENTIFIER
    (12) identifier_list -> . STRING
    (13) identifier_list -> . identifier_list - identifier_list

    IDENTIFIER      shift and go to state 61
    STRING          shift and go to state 62

    identifier_list                shift and go to state 204

state 151

    (24) book_command -> KEYWORD_BOOK ACCOMMODATION FOR identifier_list IN identifier_list . ON DATE TO DATE AT TIME FOR identifier_list SYM_END
    (13) identifier_list -> identifier_list . - identifier_list

    ON              shift and go to state 205
    -               shift and go to state 94


state 152

    (26) confirm_command -> KEYWORD_CONFIRM TICKET FOR identifier_list ON DATE . AT TIME FOR identifier_list SYM_END

    AT              shift and go to state 206


state 153

    (28) confirm_command -> KEYWORD_CONFIRM TICKET FOR identifier_list FROM identifier_list . TO identifier_list ON DATE AT TIME FOR identifier_list SYM_END
    (13) identifier_list -> identifier_list . - identifier_list

    TO              shift and go to state 207
    -               shift and go to state 94


state 154

    (30) confirm_command -> KEYWORD_CONFIRM TICKET FOR CONCERT identifier_list IN . identifier_list ON DATE AT TIME FOR identifier_list SYM_END
    (10) identifier_list -> . IDENTIFIER identifier_list
    (11) identifier_list -> . IDENTIFIER
    (12) identifier_list -> . STRING
    (13) identifier_list -> . identifier_list - identifier_list

    IDENTIFIER      shift and go to state 61
    STRING          shift and go to state 62

    identifier_list                shift and go to state 208

state 155

    (32) confirm_command -> KEYWORD_CONFIRM TICKET FOR CONCERT identifier_list AT . identifier_list ON DATE AT TIME FOR identifier_list SYM_END
    (10) identifier_list -> . IDENTIFIER identifier_list
    (11) identifier_list -> . IDENTIFIER
    (12) identifier_list -> . STRING
    (13) identifier_list -> . identifier_list - identifier_list

    IDENTIFIER      shift and go to state 61
    STRING          shift and go to state 62

    identifier_list                shift and go to state 209

state 156

    (34) confirm_command -> KEYWORD_CONFIRM TICKET FOR EVENT identifier_list AT . identifier_list ON DATE AT TIME FOR identifier_list SYM_END
    (10) identifier_list -> . IDENTIFIER identifier_list
    (11) identifier_list -> . IDENTIFIER
    (12) identifier_list -> . STRING
    (13) identifier_list -> . identifier_list - identifier_list

    IDENTIFIER      shift and go to state 61
    STRING          shift and go to state 62

    identifier_list                shift and go to state 210

state 157

    (27) confirm_command -> KEYWORD_CONFIRM INTEGER TICKETS FOR identifier_list ON . DATE AT TIME FOR identifier_list SYM_END

    DATE            shift and go to state 211


state 158

    (29) confirm_command -> KEYWORD_CONFIRM INTEGER TICKETS FOR identifier_list FROM . identifier_list TO identifier_list ON DATE AT TIME FOR identifier_list SYM_END
    (10) identifier_list -> . IDENTIFIER identifier_list
    (11) identifier_list -> . IDENTIFIER
    (12) identifier_list -> . STRING
    (13) identifier_list -> . identifier_list - identifier_list

    IDENTIFIER      shift and go to state 61
    STRING          shift and go to state 62

    identifier_list                shift and go to state 212

state 159

    (31) confirm_command -> KEYWORD_CONFIRM INTEGER TICKETS FOR CONCERT identifier_list . IN identifier_list ON DATE AT TIME FOR identifier_list SYM_END
    (33) confirm_command -> KEYWORD_CONFIRM INTEGER TICKETS FOR CONCERT identifier_list . AT identifier_list ON DATE AT TIME FOR identifier_list SYM_END
    (13) identifier_list -> identifier_list . - identifier_list

    IN              shift and go to state 213
    AT              shift and go to state 214
    -               shift and go to state 94


state 160

    (35) confirm_command -> KEYWORD_CONFIRM INTEGER TICKETS FOR EVENT identifier_list . AT identifier_list ON DATE AT TIME FOR identifier_list SYM_END
    (13) identifier_list -> identifier_list . - identifier_list

    AT              shift and go to state 215
    -               shift and go to state 94


state 161

    (37) confirm_command -> KEYWORD_CONFIRM INTEGER ACCOMMODATION FOR identifier_list IN . identifier_list ON DATE TO DATE AT TIME FOR identifier_list SYM_END
    (10) identifier_list -> . IDENTIFIER identifier_list
    (11) identifier_list -> . IDENTIFIER
    (12) identifier_list -> . STRING
    (13) identifier_list -> . identifier_list - identifier_list

    IDENTIFIER      shift and go to state 61
    STRING          shift and go to state 62

    identifier_list                shift and go to state 216

state 162

    (36) confirm_command -> KEYWORD_CONFIRM ACCOMMODATION FOR identifier_list IN identifier_list . ON DATE TO DATE AT TIME FOR identifier_list SYM_END
    (13) identifier_list -> identifier_list . - identifier_list

    ON              shift and go to state 217
    -               shift and go to state 94


state 163

    (38) pay_command -> KEYWORD_PAY TICKET FOR identifier_list ON DATE . AT TIME FOR identifier_list SYM_END

    AT              shift and go to state 218


state 164

    (40) pay_command -> KEYWORD_PAY TICKET FOR identifier_list FROM identifier_list . TO identifier_list ON DATE AT TIME FOR identifier_list SYM_END
    (13) identifier_list -> identifier_list . - identifier_list

    TO              shift and go to state 219
    -               shift and go to state 94


state 165

    (42) pay_command -> KEYWORD_PAY TICKET FOR CONCERT identifier_list IN . identifier_list ON DATE AT TIME FOR identifier_list SYM_END
    (10) identifier_list -> . IDENTIFIER identifier_list
    (11) identifier_list -> . IDENTIFIER
    (12) identifier_list -> . STRING
    (13) identifier_list -> . identifier_list - identifier_list

    IDENTIFIER      shift and go to state 61
    STRING          shift and go to state 62

    identifier_list                shift and go to state 220

state 166

    (44) pay_command -> KEYWORD_PAY TICKET FOR CONCERT identifier_list AT . identifier_list ON DATE AT TIME FOR identifier_list SYM_END
    (10) identifier_list -> . IDENTIFIER identifier_list
    (11) identifier_list -> . IDENTIFIER
    (12) identifier_list -> . STRING
    (13) identifier_list -> . identifier_list - identifier_list

    IDENTIFIER      shift and go to state 61
    STRING          shift and go to state 62

    identifier_list                shift and go to state 221

state 167

    (46) pay_command -> KEYWORD_PAY TICKET FOR EVENT identifier_list AT . identifier_list ON DATE AT TIME FOR identifier_list SYM_END
    (10) identifier_list -> . IDENTIFIER identifier_list
    (11) identifier_list -> . IDENTIFIER
    (12) identifier_list -> . STRING
    (13) identifier_list -> . identifier_list - identifier_list

    IDENTIFIER      shift and go to state 61
    STRING          shift and go to state 62

    identifier_list                shift and go to state 222

state 168

    (39) pay_command -> KEYWORD_PAY INTEGER TICKETS FOR identifier_list ON . DATE AT TIME FOR identifier_list SYM_END

    DATE            shift and go to state 223


state 169

    (41) pay_command -> KEYWORD_PAY INTEGER TICKETS FOR identifier_list FROM . identifier_list TO identifier_list ON DATE AT TIME FOR identifier_list SYM_END
    (10) identifier_list -> . IDENTIFIER identifier_list
    (11) identifier_list -> . IDENTIFIER
    (12) identifier_list -> . STRING
    (13) identifier_list -> . identifier_list - identifier_list

    IDENTIFIER      shift and go to state 61
    STRING          shift and go to state 62

    identifier_list                shift and go to state 224

state 170

    (43) pay_command -> KEYWORD_PAY INTEGER TICKETS FOR CONCERT identifier_list . IN identifier_list ON DATE AT TIME FOR identifier_list SYM_END
    (45) pay_command -> KEYWORD_PAY INTEGER TICKETS FOR CONCERT identifier_list . AT identifier_list ON DATE AT TIME FOR identifier_list SYM_END
    (13) identifier_list -> identifier_list . - identifier_list

    IN              shift and go to state 225
    AT              shift and go to state 226
    -               shift and go to state 94


state 171

    (47) pay_command -> KEYWORD_PAY INTEGER TICKETS FOR EVENT identifier_list . AT identifier_list ON DATE AT TIME FOR identifier_list SYM_END
    (13) identifier_list -> identifier_list . - identifier_list

    AT              shift and go to state 227
    -               shift and go to state 94


state 172

    (49) pay_command -> KEYWORD_PAY INTEGER ACCOMMODATIONS FOR identifier_list IN . identifier_list ON DATE TO DATE AT TIME FOR identifier_list SYM_END
    (10) identifier_list -> . IDENTIFIER identifier_list
    (11) identifier_list -> . IDENTIFIER
    (12) identifier_list -> . STRING
    (13) identifier_list -> . identifier_list - identifier_list

    IDENTIFIER      shift and go to state 61
    STRING          shift and go to state 62

    identifier_list                shift and go to state 228

state 173

    (48) pay_command -> KEYWORD_PAY ACCOMMODATION FOR identifier_list IN identifier_list . ON DATE TO DATE AT TIME FOR identifier_list SYM_END
    (13) identifier_list -> identifier_list . - identifier_list

    ON              shift and go to state 229
    -               shift and go to state 94


state 174

    (50) cancel_command -> KEYWORD_CANCEL TICKET FOR identifier_list ON DATE . AT TIME FOR identifier_list SYM_END

    AT              shift and go to state 230


state 175

    (52) cancel_command -> KEYWORD_CANCEL TICKET FOR identifier_list FROM identifier_list . TO identifier_list ON DATE AT TIME FOR identifier_list SYM_END
    (13) identifier_list -> identifier_list . - identifier_list

    TO              shift and go to state 231
    -               shift and go to state 94


state 176

    (54) cancel_command -> KEYWORD_CANCEL TICKET FOR CONCERT identifier_list IN . identifier_list ON DATE AT TIME FOR identifier_list SYM_END
    (10) identifier_list -> . IDENTIFIER identifier_list
    (11) identifier_list -> . IDENTIFIER
    (12) identifier_list -> . STRING
    (13) identifier_list -> . identifier_list - identifier_list

    IDENTIFIER      shift and go to state 61
    STRING          shift and go to state 62

    identifier_list                shift and go to state 232

state 177

    (56) cancel_command -> KEYWORD_CANCEL TICKET FOR CONCERT identifier_list AT . identifier_list ON DATE AT TIME FOR identifier_list SYM_END
    (10) identifier_list -> . IDENTIFIER identifier_list
    (11) identifier_list -> . IDENTIFIER
    (12) identifier_list -> . STRING
    (13) identifier_list -> . identifier_list - identifier_list

    IDENTIFIER      shift and go to state 61
    STRING          shift and go to state 62

    identifier_list                shift and go to state 233

state 178

    (58) cancel_command -> KEYWORD_CANCEL TICKET FOR EVENT identifier_list AT . identifier_list ON DATE AT TIME FOR identifier_list SYM_END
    (10) identifier_list -> . IDENTIFIER identifier_list
    (11) identifier_list -> . IDENTIFIER
    (12) identifier_list -> . STRING
    (13) identifier_list -> . identifier_list - identifier_list

    IDENTIFIER      shift and go to state 61
    STRING          shift and go to state 62

    identifier_list                shift and go to state 234

state 179

    (51) cancel_command -> KEYWORD_CANCEL INTEGER TICKETS FOR identifier_list ON . DATE AT TIME FOR identifier_list SYM_END

    DATE            shift and go to state 235


state 180

    (53) cancel_command -> KEYWORD_CANCEL INTEGER TICKETS FOR identifier_list FROM . identifier_list TO identifier_list ON DATE AT TIME FOR identifier_list SYM_END
    (10) identifier_list -> . IDENTIFIER identifier_list
    (11) identifier_list -> . IDENTIFIER
    (12) identifier_list -> . STRING
    (13) identifier_list -> . identifier_list - identifier_list

    IDENTIFIER      shift and go to state 61
    STRING          shift and go to state 62

    identifier_list                shift and go to state 236

state 181

    (55) cancel_command -> KEYWORD_CANCEL INTEGER TICKETS FOR CONCERT identifier_list . IN identifier_list ON DATE AT TIME FOR identifier_list SYM_END
    (57) cancel_command -> KEYWORD_CANCEL INTEGER TICKETS FOR CONCERT identifier_list . AT identifier_list ON DATE AT TIME FOR identifier_list SYM_END
    (13) identifier_list -> identifier_list . - identifier_list

    IN              shift and go to state 237
    AT              shift and go to state 238
    -               shift and go to state 94


state 182

    (59) cancel_command -> KEYWORD_CANCEL INTEGER TICKETS FOR EVENT identifier_list . AT identifier_list ON DATE AT TIME FOR identifier_list SYM_END
    (13) identifier_list -> identifier_list . - identifier_list

    AT              shift and go to state 239
    -               shift and go to state 94


state 183

    (61) cancel_command -> KEYWORD_CANCEL INTEGER ACCOMMODATIONS FOR identifier_list IN . identifier_list ON DATE TO DATE AT TIME FOR identifier_list SYM_END
    (10) identifier_list -> . IDENTIFIER identifier_list
    (11) identifier_list -> . IDENTIFIER
    (12) identifier_list -> . STRING
    (13) identifier_list -> . identifier_list - identifier_list

    IDENTIFIER      shift and go to state 61
    STRING          shift and go to state 62

    identifier_list                shift and go to state 240

state 184

    (60) cancel_command -> KEYWORD_CANCEL ACCOMMODATION FOR identifier_list IN identifier_list . ON DATE TO DATE AT TIME FOR identifier_list SYM_END
    (13) identifier_list -> identifier_list . - identifier_list

    ON              shift and go to state 241
    -               shift and go to state 94


state 185

    (62) list_command -> KEYWORD_LIST AVAILABLE SCHEDULE FOR identifier_list SYM_END .

    $end            reduce using rule 62 (list_command -> KEYWORD_LIST AVAILABLE SCHEDULE FOR identifier_list SYM_END .)


state 186

    (63) list_command -> KEYWORD_LIST AVAILABLE SCHEDULE FOR identifier_list FROM . identifier_list TO identifier_list SYM_END
    (10) identifier_list -> . IDENTIFIER identifier_list
    (11) identifier_list -> . IDENTIFIER
    (12) identifier_list -> . STRING
    (13) identifier_list -> . identifier_list - identifier_list

    IDENTIFIER      shift and go to state 61
    STRING          shift and go to state 62

    identifier_list                shift and go to state 242

state 187

    (64) list_command -> KEYWORD_LIST AVAILABLE TICKETS FOR identifier_list FROM . identifier_list TO identifier_list SYM_END
    (10) identifier_list -> . IDENTIFIER identifier_list
    (11) identifier_list -> . IDENTIFIER
    (12) identifier_list -> . STRING
    (13) identifier_list -> . identifier_list - identifier_list

    IDENTIFIER      shift and go to state 61
    STRING          shift and go to state 62

    identifier_list                shift and go to state 243

state 188

    (67) list_command -> KEYWORD_LIST AVAILABLE TICKETS FOR identifier_list SYM_END .

    $end            reduce using rule 67 (list_command -> KEYWORD_LIST AVAILABLE TICKETS FOR identifier_list SYM_END .)


state 189

    (68) list_command -> KEYWORD_LIST AVAILABLE TICKETS FOR identifier_list AT . identifier_list SYM_END
    (10) identifier_list -> . IDENTIFIER identifier_list
    (11) identifier_list -> . IDENTIFIER
    (12) identifier_list -> . STRING
    (13) identifier_list -> . identifier_list - identifier_list

    IDENTIFIER      shift and go to state 61
    STRING          shift and go to state 62

    identifier_list                shift and go to state 244

state 190

    (65) list_command -> KEYWORD_LIST AVAILABLE TICKETS FOR CONCERT identifier_list . IN identifier_list SYM_END
    (66) list_command -> KEYWORD_LIST AVAILABLE TICKETS FOR CONCERT identifier_list . AT identifier_list SYM_END
    (13) identifier_list -> identifier_list . - identifier_list

    IN              shift and go to state 245
    AT              shift and go to state 246
    -               shift and go to state 94


state 191

    (71) list_command -> KEYWORD_LIST AVAILABLE TICKETS FOR EVENT identifier_list . IN identifier_list SYM_END
    (72) list_command -> KEYWORD_LIST AVAILABLE TICKETS FOR EVENT identifier_list . AT identifier_list SYM_END
    (13) identifier_list -> identifier_list . - identifier_list

    IN              shift and go to state 247
    AT              shift and go to state 248
    -               shift and go to state 94


state 192

    (69) list_command -> KEYWORD_LIST AVAILABLE ACCOMMODATIONS IN identifier_list SYM_END .

    $end            reduce using rule 69 (list_command -> KEYWORD_LIST AVAILABLE ACCOMMODATIONS IN identifier_list SYM_END .)


state 193

    (70) list_command -> KEYWORD_LIST AVAILABLE ROOMS FOR identifier_list IN . identifier_list SYM_END
    (10) identifier_list -> . IDENTIFIER identifier_list
    (11) identifier_list -> . IDENTIFIER
    (12) identifier_list -> . STRING
    (13) identifier_list -> . identifier_list - identifier_list

    IDENTIFIER      shift and go to state 61
    STRING          shift and go to state 62

    identifier_list                shift and go to state 249

state 194

    (14) book_command -> KEYWORD_BOOK TICKET FOR identifier_list ON DATE AT . TIME FOR identifier_list SYM_END

    TIME            shift and go to state 250


state 195

    (16) book_command -> KEYWORD_BOOK TICKET FOR identifier_list FROM identifier_list TO . identifier_list ON DATE AT TIME FOR identifier_list SYM_END
    (10) identifier_list -> . IDENTIFIER identifier_list
    (11) identifier_list -> . IDENTIFIER
    (12) identifier_list -> . STRING
    (13) identifier_list -> . identifier_list - identifier_list

    IDENTIFIER      shift and go to state 61
    STRING          shift and go to state 62

    identifier_list                shift and go to state 251

state 196

    (18) book_command -> KEYWORD_BOOK TICKET FOR CONCERT identifier_list IN identifier_list . ON DATE AT TIME FOR identifier_list SYM_END
    (13) identifier_list -> identifier_list . - identifier_list

    ON              shift and go to state 252
    -               shift and go to state 94


state 197

    (20) book_command -> KEYWORD_BOOK TICKET FOR CONCERT identifier_list AT identifier_list . ON DATE AT TIME FOR identifier_list SYM_END
    (13) identifier_list -> identifier_list . - identifier_list

    ON              shift and go to state 253
    -               shift and go to state 94


state 198

    (22) book_command -> KEYWORD_BOOK TICKET FOR EVENT identifier_list AT identifier_list . ON DATE AT TIME FOR identifier_list SYM_END
    (13) identifier_list -> identifier_list . - identifier_list

    ON              shift and go to state 254
    -               shift and go to state 94


state 199

    (15) book_command -> KEYWORD_BOOK INTEGER TICKETS FOR identifier_list ON DATE . AT TIME FOR identifier_list SYM_END

    AT              shift and go to state 255


state 200

    (17) book_command -> KEYWORD_BOOK INTEGER TICKETS FOR identifier_list FROM identifier_list . TO identifier_list ON DATE AT TIME FOR identifier_list SYM_END
    (13) identifier_list -> identifier_list . - identifier_list

    TO              shift and go to state 256
    -               shift and go to state 94


state 201

    (19) book_command -> KEYWORD_BOOK INTEGER TICKETS FOR CONCERT identifier_list IN . identifier_list ON DATE AT TIME FOR identifier_list SYM_END
    (10) identifier_list -> . IDENTIFIER identifier_list
    (11) identifier_list -> . IDENTIFIER
    (12) identifier_list -> . STRING
    (13) identifier_list -> . identifier_list - identifier_list

    IDENTIFIER      shift and go to state 61
    STRING          shift and go to state 62

    identifier_list                shift and go to state 257

state 202

    (21) book_command -> KEYWORD_BOOK INTEGER TICKETS FOR CONCERT identifier_list AT . identifier_list ON DATE AT TIME FOR identifier_list SYM_END
    (10) identifier_list -> . IDENTIFIER identifier_list
    (11) identifier_list -> . IDENTIFIER
    (12) identifier_list -> . STRING
    (13) identifier_list -> . identifier_list - identifier_list

    IDENTIFIER      shift and go to state 61
    STRING          shift and go to state 62

    identifier_list                shift and go to state 258

state 203

    (23) book_command -> KEYWORD_BOOK INTEGER TICKETS FOR EVENT identifier_list AT . identifier_list ON DATE AT TIME FOR identifier_list SYM_END
    (10) identifier_list -> . IDENTIFIER identifier_list
    (11) identifier_list -> . IDENTIFIER
    (12) identifier_list -> . STRING
    (13) identifier_list -> . identifier_list - identifier_list

    IDENTIFIER      shift and go to state 61
    STRING          shift and go to state 62

    identifier_list                shift and go to state 259

state 204

    (25) book_command -> KEYWORD_BOOK INTEGER ACCOMMODATIONS FOR identifier_list IN identifier_list . ON DATE TO DATE AT TIME FOR identifier_list SYM_END
    (13) identifier_list -> identifier_list . - identifier_list

    ON              shift and go to state 260
    -               shift and go to state 94


state 205

    (24) book_command -> KEYWORD_BOOK ACCOMMODATION FOR identifier_list IN identifier_list ON . DATE TO DATE AT TIME FOR identifier_list SYM_END

    DATE            shift and go to state 261


state 206

    (26) confirm_command -> KEYWORD_CONFIRM TICKET FOR identifier_list ON DATE AT . TIME FOR identifier_list SYM_END

    TIME            shift and go to state 262


state 207

    (28) confirm_command -> KEYWORD_CONFIRM TICKET FOR identifier_list FROM identifier_list TO . identifier_list ON DATE AT TIME FOR identifier_list SYM_END
    (10) identifier_list -> . IDENTIFIER identifier_list
    (11) identifier_list -> . IDENTIFIER
    (12) identifier_list -> . STRING
    (13) identifier_list -> . identifier_list - identifier_list

    IDENTIFIER      shift and go to state 61
    STRING          shift and go to state 62

    identifier_list                shift and go to state 263

state 208

    (30) confirm_command -> KEYWORD_CONFIRM TICKET FOR CONCERT identifier_list IN identifier_list . ON DATE AT TIME FOR identifier_list SYM_END
    (13) identifier_list -> identifier_list . - identifier_list

    ON              shift and go to state 264
    -               shift and go to state 94


state 209

    (32) confirm_command -> KEYWORD_CONFIRM TICKET FOR CONCERT identifier_list AT identifier_list . ON DATE AT TIME FOR identifier_list SYM_END
    (13) identifier_list -> identifier_list . - identifier_list

    ON              shift and go to state 265
    -               shift and go to state 94


state 210

    (34) confirm_command -> KEYWORD_CONFIRM TICKET FOR EVENT identifier_list AT identifier_list . ON DATE AT TIME FOR identifier_list SYM_END
    (13) identifier_list -> identifier_list . - identifier_list

    ON              shift and go to state 266
    -               shift and go to state 94


state 211

    (27) confirm_command -> KEYWORD_CONFIRM INTEGER TICKETS FOR identifier_list ON DATE . AT TIME FOR identifier_list SYM_END

    AT              shift and go to state 267


state 212

    (29) confirm_command -> KEYWORD_CONFIRM INTEGER TICKETS FOR identifier_list FROM identifier_list . TO identifier_list ON DATE AT TIME FOR identifier_list SYM_END
    (13) identifier_list -> identifier_list . - identifier_list

    TO              shift and go to state 268
    -               shift and go to state 94


state 213

    (31) confirm_command -> KEYWORD_CONFIRM INTEGER TICKETS FOR CONCERT identifier_list IN . identifier_list ON DATE AT TIME FOR identifier_list SYM_END
    (10) identifier_list -> . IDENTIFIER identifier_list
    (11) identifier_list -> . IDENTIFIER
    (12) identifier_list -> . STRING
    (13) identifier_list -> . identifier_list - identifier_list

    IDENTIFIER      shift and go to state 61
    STRING          shift and go to state 62

    identifier_list                shift and go to state 269

state 214

    (33) confirm_command -> KEYWORD_CONFIRM INTEGER TICKETS FOR CONCERT identifier_list AT . identifier_list ON DATE AT TIME FOR identifier_list SYM_END
    (10) identifier_list -> . IDENTIFIER identifier_list
    (11) identifier_list -> . IDENTIFIER
    (12) identifier_list -> . STRING
    (13) identifier_list -> . identifier_list - identifier_list

    IDENTIFIER      shift and go to state 61
    STRING          shift and go to state 62

    identifier_list                shift and go to state 270

state 215

    (35) confirm_command -> KEYWORD_CONFIRM INTEGER TICKETS FOR EVENT identifier_list AT . identifier_list ON DATE AT TIME FOR identifier_list SYM_END
    (10) identifier_list -> . IDENTIFIER identifier_list
    (11) identifier_list -> . IDENTIFIER
    (12) identifier_list -> . STRING
    (13) identifier_list -> . identifier_list - identifier_list

    IDENTIFIER      shift and go to state 61
    STRING          shift and go to state 62

    identifier_list                shift and go to state 271

state 216

    (37) confirm_command -> KEYWORD_CONFIRM INTEGER ACCOMMODATION FOR identifier_list IN identifier_list . ON DATE TO DATE AT TIME FOR identifier_list SYM_END
    (13) identifier_list -> identifier_list . - identifier_list

    ON              shift and go to state 272
    -               shift and go to state 94


state 217

    (36) confirm_command -> KEYWORD_CONFIRM ACCOMMODATION FOR identifier_list IN identifier_list ON . DATE TO DATE AT TIME FOR identifier_list SYM_END

    DATE            shift and go to state 273


state 218

    (38) pay_command -> KEYWORD_PAY TICKET FOR identifier_list ON DATE AT . TIME FOR identifier_list SYM_END

    TIME            shift and go to state 274


state 219

    (40) pay_command -> KEYWORD_PAY TICKET FOR identifier_list FROM identifier_list TO . identifier_list ON DATE AT TIME FOR identifier_list SYM_END
    (10) identifier_list -> . IDENTIFIER identifier_list
    (11) identifier_list -> . IDENTIFIER
    (12) identifier_list -> . STRING
    (13) identifier_list -> . identifier_list - identifier_list

    IDENTIFIER      shift and go to state 61
    STRING          shift and go to state 62

    identifier_list                shift and go to state 275

state 220

    (42) pay_command -> KEYWORD_PAY TICKET FOR CONCERT identifier_list IN identifier_list . ON DATE AT TIME FOR identifier_list SYM_END
    (13) identifier_list -> identifier_list . - identifier_list

    ON              shift and go to state 276
    -               shift and go to state 94


state 221

    (44) pay_command -> KEYWORD_PAY TICKET FOR CONCERT identifier_list AT identifier_list . ON DATE AT TIME FOR identifier_list SYM_END
    (13) identifier_list -> identifier_list . - identifier_list

    ON              shift and go to state 277
    -               shift and go to state 94


state 222

    (46) pay_command -> KEYWORD_PAY TICKET FOR EVENT identifier_list AT identifier_list . ON DATE AT TIME FOR identifier_list SYM_END
    (13) identifier_list -> identifier_list . - identifier_list

    ON              shift and go to state 278
    -               shift and go to state 94


state 223

    (39) pay_command -> KEYWORD_PAY INTEGER TICKETS FOR identifier_list ON DATE . AT TIME FOR identifier_list SYM_END

    AT              shift and go to state 279


state 224

    (41) pay_command -> KEYWORD_PAY INTEGER TICKETS FOR identifier_list FROM identifier_list . TO identifier_list ON DATE AT TIME FOR identifier_list SYM_END
    (13) identifier_list -> identifier_list . - identifier_list

    TO              shift and go to state 280
    -               shift and go to state 94


state 225

    (43) pay_command -> KEYWORD_PAY INTEGER TICKETS FOR CONCERT identifier_list IN . identifier_list ON DATE AT TIME FOR identifier_list SYM_END
    (10) identifier_list -> . IDENTIFIER identifier_list
    (11) identifier_list -> . IDENTIFIER
    (12) identifier_list -> . STRING
    (13) identifier_list -> . identifier_list - identifier_list

    IDENTIFIER      shift and go to state 61
    STRING          shift and go to state 62

    identifier_list                shift and go to state 281

state 226

    (45) pay_command -> KEYWORD_PAY INTEGER TICKETS FOR CONCERT identifier_list AT . identifier_list ON DATE AT TIME FOR identifier_list SYM_END
    (10) identifier_list -> . IDENTIFIER identifier_list
    (11) identifier_list -> . IDENTIFIER
    (12) identifier_list -> . STRING
    (13) identifier_list -> . identifier_list - identifier_list

    IDENTIFIER      shift and go to state 61
    STRING          shift and go to state 62

    identifier_list                shift and go to state 282

state 227

    (47) pay_command -> KEYWORD_PAY INTEGER TICKETS FOR EVENT identifier_list AT . identifier_list ON DATE AT TIME FOR identifier_list SYM_END
    (10) identifier_list -> . IDENTIFIER identifier_list
    (11) identifier_list -> . IDENTIFIER
    (12) identifier_list -> . STRING
    (13) identifier_list -> . identifier_list - identifier_list

    IDENTIFIER      shift and go to state 61
    STRING          shift and go to state 62

    identifier_list                shift and go to state 283

state 228

    (49) pay_command -> KEYWORD_PAY INTEGER ACCOMMODATIONS FOR identifier_list IN identifier_list . ON DATE TO DATE AT TIME FOR identifier_list SYM_END
    (13) identifier_list -> identifier_list . - identifier_list

    ON              shift and go to state 284
    -               shift and go to state 94


state 229

    (48) pay_command -> KEYWORD_PAY ACCOMMODATION FOR identifier_list IN identifier_list ON . DATE TO DATE AT TIME FOR identifier_list SYM_END

    DATE            shift and go to state 285


state 230

    (50) cancel_command -> KEYWORD_CANCEL TICKET FOR identifier_list ON DATE AT . TIME FOR identifier_list SYM_END

    TIME            shift and go to state 286


state 231

    (52) cancel_command -> KEYWORD_CANCEL TICKET FOR identifier_list FROM identifier_list TO . identifier_list ON DATE AT TIME FOR identifier_list SYM_END
    (10) identifier_list -> . IDENTIFIER identifier_list
    (11) identifier_list -> . IDENTIFIER
    (12) identifier_list -> . STRING
    (13) identifier_list -> . identifier_list - identifier_list

    IDENTIFIER      shift and go to state 61
    STRING          shift and go to state 62

    identifier_list                shift and go to state 287

state 232

    (54) cancel_command -> KEYWORD_CANCEL TICKET FOR CONCERT identifier_list IN identifier_list . ON DATE AT TIME FOR identifier_list SYM_END
    (13) identifier_list -> identifier_list . - identifier_list

    ON              shift and go to state 288
    -               shift and go to state 94


state 233

    (56) cancel_command -> KEYWORD_CANCEL TICKET FOR CONCERT identifier_list AT identifier_list . ON DATE AT TIME FOR identifier_list SYM_END
    (13) identifier_list -> identifier_list . - identifier_list

    ON              shift and go to state 289
    -               shift and go to state 94


state 234

    (58) cancel_command -> KEYWORD_CANCEL TICKET FOR EVENT identifier_list AT identifier_list . ON DATE AT TIME FOR identifier_list SYM_END
    (13) identifier_list -> identifier_list . - identifier_list

    ON              shift and go to state 290
    -               shift and go to state 94


state 235

    (51) cancel_command -> KEYWORD_CANCEL INTEGER TICKETS FOR identifier_list ON DATE . AT TIME FOR identifier_list SYM_END

    AT              shift and go to state 291


state 236

    (53) cancel_command -> KEYWORD_CANCEL INTEGER TICKETS FOR identifier_list FROM identifier_list . TO identifier_list ON DATE AT TIME FOR identifier_list SYM_END
    (13) identifier_list -> identifier_list . - identifier_list

    TO              shift and go to state 292
    -               shift and go to state 94


state 237

    (55) cancel_command -> KEYWORD_CANCEL INTEGER TICKETS FOR CONCERT identifier_list IN . identifier_list ON DATE AT TIME FOR identifier_list SYM_END
    (10) identifier_list -> . IDENTIFIER identifier_list
    (11) identifier_list -> . IDENTIFIER
    (12) identifier_list -> . STRING
    (13) identifier_list -> . identifier_list - identifier_list

    IDENTIFIER      shift and go to state 61
    STRING          shift and go to state 62

    identifier_list                shift and go to state 293

state 238

    (57) cancel_command -> KEYWORD_CANCEL INTEGER TICKETS FOR CONCERT identifier_list AT . identifier_list ON DATE AT TIME FOR identifier_list SYM_END
    (10) identifier_list -> . IDENTIFIER identifier_list
    (11) identifier_list -> . IDENTIFIER
    (12) identifier_list -> . STRING
    (13) identifier_list -> . identifier_list - identifier_list

    IDENTIFIER      shift and go to state 61
    STRING          shift and go to state 62

    identifier_list                shift and go to state 294

state 239

    (59) cancel_command -> KEYWORD_CANCEL INTEGER TICKETS FOR EVENT identifier_list AT . identifier_list ON DATE AT TIME FOR identifier_list SYM_END
    (10) identifier_list -> . IDENTIFIER identifier_list
    (11) identifier_list -> . IDENTIFIER
    (12) identifier_list -> . STRING
    (13) identifier_list -> . identifier_list - identifier_list

    IDENTIFIER      shift and go to state 61
    STRING          shift and go to state 62

    identifier_list                shift and go to state 295

state 240

    (61) cancel_command -> KEYWORD_CANCEL INTEGER ACCOMMODATIONS FOR identifier_list IN identifier_list . ON DATE TO DATE AT TIME FOR identifier_list SYM_END
    (13) identifier_list -> identifier_list . - identifier_list

    ON              shift and go to state 296
    -               shift and go to state 94


state 241

    (60) cancel_command -> KEYWORD_CANCEL ACCOMMODATION FOR identifier_list IN identifier_list ON . DATE TO DATE AT TIME FOR identifier_list SYM_END

    DATE            shift and go to state 297


state 242

    (63) list_command -> KEYWORD_LIST AVAILABLE SCHEDULE FOR identifier_list FROM identifier_list . TO identifier_list SYM_END
    (13) identifier_list -> identifier_list . - identifier_list

    TO              shift and go to state 298
    -               shift and go to state 94


state 243

    (64) list_command -> KEYWORD_LIST AVAILABLE TICKETS FOR identifier_list FROM identifier_list . TO identifier_list SYM_END
    (13) identifier_list -> identifier_list . - identifier_list

    TO              shift and go to state 299
    -               shift and go to state 94


state 244

    (68) list_command -> KEYWORD_LIST AVAILABLE TICKETS FOR identifier_list AT identifier_list . SYM_END
    (13) identifier_list -> identifier_list . - identifier_list

    SYM_END         shift and go to state 300
    -               shift and go to state 94


state 245

    (65) list_command -> KEYWORD_LIST AVAILABLE TICKETS FOR CONCERT identifier_list IN . identifier_list SYM_END
    (10) identifier_list -> . IDENTIFIER identifier_list
    (11) identifier_list -> . IDENTIFIER
    (12) identifier_list -> . STRING
    (13) identifier_list -> . identifier_list - identifier_list

    IDENTIFIER      shift and go to state 61
    STRING          shift and go to state 62

    identifier_list                shift and go to state 301

state 246

    (66) list_command -> KEYWORD_LIST AVAILABLE TICKETS FOR CONCERT identifier_list AT . identifier_list SYM_END
    (10) identifier_list -> . IDENTIFIER identifier_list
    (11) identifier_list -> . IDENTIFIER
    (12) identifier_list -> . STRING
    (13) identifier_list -> . identifier_list - identifier_list

    IDENTIFIER      shift and go to state 61
    STRING          shift and go to state 62

    identifier_list                shift and go to state 302

state 247

    (71) list_command -> KEYWORD_LIST AVAILABLE TICKETS FOR EVENT identifier_list IN . identifier_list SYM_END
    (10) identifier_list -> . IDENTIFIER identifier_list
    (11) identifier_list -> . IDENTIFIER
    (12) identifier_list -> . STRING
    (13) identifier_list -> . identifier_list - identifier_list

    IDENTIFIER      shift and go to state 61
    STRING          shift and go to state 62

    identifier_list                shift and go to state 303

state 248

    (72) list_command -> KEYWORD_LIST AVAILABLE TICKETS FOR EVENT identifier_list AT . identifier_list SYM_END
    (10) identifier_list -> . IDENTIFIER identifier_list
    (11) identifier_list -> . IDENTIFIER
    (12) identifier_list -> . STRING
    (13) identifier_list -> . identifier_list - identifier_list

    IDENTIFIER      shift and go to state 61
    STRING          shift and go to state 62

    identifier_list                shift and go to state 304

state 249

    (70) list_command -> KEYWORD_LIST AVAILABLE ROOMS FOR identifier_list IN identifier_list . SYM_END
    (13) identifier_list -> identifier_list . - identifier_list

    SYM_END         shift and go to state 305
    -               shift and go to state 94


state 250

    (14) book_command -> KEYWORD_BOOK TICKET FOR identifier_list ON DATE AT TIME . FOR identifier_list SYM_END

    FOR             shift and go to state 306


state 251

    (16) book_command -> KEYWORD_BOOK TICKET FOR identifier_list FROM identifier_list TO identifier_list . ON DATE AT TIME FOR identifier_list SYM_END
    (13) identifier_list -> identifier_list . - identifier_list

    ON              shift and go to state 307
    -               shift and go to state 94


state 252

    (18) book_command -> KEYWORD_BOOK TICKET FOR CONCERT identifier_list IN identifier_list ON . DATE AT TIME FOR identifier_list SYM_END

    DATE            shift and go to state 308


state 253

    (20) book_command -> KEYWORD_BOOK TICKET FOR CONCERT identifier_list AT identifier_list ON . DATE AT TIME FOR identifier_list SYM_END

    DATE            shift and go to state 309


state 254

    (22) book_command -> KEYWORD_BOOK TICKET FOR EVENT identifier_list AT identifier_list ON . DATE AT TIME FOR identifier_list SYM_END

    DATE            shift and go to state 310


state 255

    (15) book_command -> KEYWORD_BOOK INTEGER TICKETS FOR identifier_list ON DATE AT . TIME FOR identifier_list SYM_END

    TIME            shift and go to state 311


state 256

    (17) book_command -> KEYWORD_BOOK INTEGER TICKETS FOR identifier_list FROM identifier_list TO . identifier_list ON DATE AT TIME FOR identifier_list SYM_END
    (10) identifier_list -> . IDENTIFIER identifier_list
    (11) identifier_list -> . IDENTIFIER
    (12) identifier_list -> . STRING
    (13) identifier_list -> . identifier_list - identifier_list

    IDENTIFIER      shift and go to state 61
    STRING          shift and go to state 62

    identifier_list                shift and go to state 312

state 257

    (19) book_command -> KEYWORD_BOOK INTEGER TICKETS FOR CONCERT identifier_list IN identifier_list . ON DATE AT TIME FOR identifier_list SYM_END
    (13) identifier_list -> identifier_list . - identifier_list

    ON              shift and go to state 313
    -               shift and go to state 94


state 258

    (21) book_command -> KEYWORD_BOOK INTEGER TICKETS FOR CONCERT identifier_list AT identifier_list . ON DATE AT TIME FOR identifier_list SYM_END
    (13) identifier_list -> identifier_list . - identifier_list

    ON              shift and go to state 314
    -               shift and go to state 94


state 259

    (23) book_command -> KEYWORD_BOOK INTEGER TICKETS FOR EVENT identifier_list AT identifier_list . ON DATE AT TIME FOR identifier_list SYM_END
    (13) identifier_list -> identifier_list . - identifier_list

    ON              shift and go to state 315
    -               shift and go to state 94


state 260

    (25) book_command -> KEYWORD_BOOK INTEGER ACCOMMODATIONS FOR identifier_list IN identifier_list ON . DATE TO DATE AT TIME FOR identifier_list SYM_END

    DATE            shift and go to state 316


state 261

    (24) book_command -> KEYWORD_BOOK ACCOMMODATION FOR identifier_list IN identifier_list ON DATE . TO DATE AT TIME FOR identifier_list SYM_END

    TO              shift and go to state 317


state 262

    (26) confirm_command -> KEYWORD_CONFIRM TICKET FOR identifier_list ON DATE AT TIME . FOR identifier_list SYM_END

    FOR             shift and go to state 318


state 263

    (28) confirm_command -> KEYWORD_CONFIRM TICKET FOR identifier_list FROM identifier_list TO identifier_list . ON DATE AT TIME FOR identifier_list SYM_END
    (13) identifier_list -> identifier_list . - identifier_list

    ON              shift and go to state 319
    -               shift and go to state 94


state 264

    (30) confirm_command -> KEYWORD_CONFIRM TICKET FOR CONCERT identifier_list IN identifier_list ON . DATE AT TIME FOR identifier_list SYM_END

    DATE            shift and go to state 320


state 265

    (32) confirm_command -> KEYWORD_CONFIRM TICKET FOR CONCERT identifier_list AT identifier_list ON . DATE AT TIME FOR identifier_list SYM_END

    DATE            shift and go to state 321


state 266

    (34) confirm_command -> KEYWORD_CONFIRM TICKET FOR EVENT identifier_list AT identifier_list ON . DATE AT TIME FOR identifier_list SYM_END

    DATE            shift and go to state 322


state 267

    (27) confirm_command -> KEYWORD_CONFIRM INTEGER TICKETS FOR identifier_list ON DATE AT . TIME FOR identifier_list SYM_END

    TIME            shift and go to state 323


state 268

    (29) confirm_command -> KEYWORD_CONFIRM INTEGER TICKETS FOR identifier_list FROM identifier_list TO . identifier_list ON DATE AT TIME FOR identifier_list SYM_END
    (10) identifier_list -> . IDENTIFIER identifier_list
    (11) identifier_list -> . IDENTIFIER
    (12) identifier_list -> . STRING
    (13) identifier_list -> . identifier_list - identifier_list

    IDENTIFIER      shift and go to state 61
    STRING          shift and go to state 62

    identifier_list                shift and go to state 324

state 269

    (31) confirm_command -> KEYWORD_CONFIRM INTEGER TICKETS FOR CONCERT identifier_list IN identifier_list . ON DATE AT TIME FOR identifier_list SYM_END
    (13) identifier_list -> identifier_list . - identifier_list

    ON              shift and go to state 325
    -               shift and go to state 94


state 270

    (33) confirm_command -> KEYWORD_CONFIRM INTEGER TICKETS FOR CONCERT identifier_list AT identifier_list . ON DATE AT TIME FOR identifier_list SYM_END
    (13) identifier_list -> identifier_list . - identifier_list

    ON              shift and go to state 326
    -               shift and go to state 94


state 271

    (35) confirm_command -> KEYWORD_CONFIRM INTEGER TICKETS FOR EVENT identifier_list AT identifier_list . ON DATE AT TIME FOR identifier_list SYM_END
    (13) identifier_list -> identifier_list . - identifier_list

    ON              shift and go to state 327
    -               shift and go to state 94


state 272

    (37) confirm_command -> KEYWORD_CONFIRM INTEGER ACCOMMODATION FOR identifier_list IN identifier_list ON . DATE TO DATE AT TIME FOR identifier_list SYM_END

    DATE            shift and go to state 328


state 273

    (36) confirm_command -> KEYWORD_CONFIRM ACCOMMODATION FOR identifier_list IN identifier_list ON DATE . TO DATE AT TIME FOR identifier_list SYM_END

    TO              shift and go to state 329


state 274

    (38) pay_command -> KEYWORD_PAY TICKET FOR identifier_list ON DATE AT TIME . FOR identifier_list SYM_END

    FOR             shift and go to state 330


state 275

    (40) pay_command -> KEYWORD_PAY TICKET FOR identifier_list FROM identifier_list TO identifier_list . ON DATE AT TIME FOR identifier_list SYM_END
    (13) identifier_list -> identifier_list . - identifier_list

    ON              shift and go to state 331
    -               shift and go to state 94


state 276

    (42) pay_command -> KEYWORD_PAY TICKET FOR CONCERT identifier_list IN identifier_list ON . DATE AT TIME FOR identifier_list SYM_END

    DATE            shift and go to state 332


state 277

    (44) pay_command -> KEYWORD_PAY TICKET FOR CONCERT identifier_list AT identifier_list ON . DATE AT TIME FOR identifier_list SYM_END

    DATE            shift and go to state 333


state 278

    (46) pay_command -> KEYWORD_PAY TICKET FOR EVENT identifier_list AT identifier_list ON . DATE AT TIME FOR identifier_list SYM_END

    DATE            shift and go to state 334


state 279

    (39) pay_command -> KEYWORD_PAY INTEGER TICKETS FOR identifier_list ON DATE AT . TIME FOR identifier_list SYM_END

    TIME            shift and go to state 335


state 280

    (41) pay_command -> KEYWORD_PAY INTEGER TICKETS FOR identifier_list FROM identifier_list TO . identifier_list ON DATE AT TIME FOR identifier_list SYM_END
    (10) identifier_list -> . IDENTIFIER identifier_list
    (11) identifier_list -> . IDENTIFIER
    (12) identifier_list -> . STRING
    (13) identifier_list -> . identifier_list - identifier_list

    IDENTIFIER      shift and go to state 61
    STRING          shift and go to state 62

    identifier_list                shift and go to state 336

state 281

    (43) pay_command -> KEYWORD_PAY INTEGER TICKETS FOR CONCERT identifier_list IN identifier_list . ON DATE AT TIME FOR identifier_list SYM_END
    (13) identifier_list -> identifier_list . - identifier_list

    ON              shift and go to state 337
    -               shift and go to state 94


state 282

    (45) pay_command -> KEYWORD_PAY INTEGER TICKETS FOR CONCERT identifier_list AT identifier_list . ON DATE AT TIME FOR identifier_list SYM_END
    (13) identifier_list -> identifier_list . - identifier_list

    ON              shift and go to state 338
    -               shift and go to state 94


state 283

    (47) pay_command -> KEYWORD_PAY INTEGER TICKETS FOR EVENT identifier_list AT identifier_list . ON DATE AT TIME FOR identifier_list SYM_END
    (13) identifier_list -> identifier_list . - identifier_list

    ON              shift and go to state 339
    -               shift and go to state 94


state 284

    (49) pay_command -> KEYWORD_PAY INTEGER ACCOMMODATIONS FOR identifier_list IN identifier_list ON . DATE TO DATE AT TIME FOR identifier_list SYM_END

    DATE            shift and go to state 340


state 285

    (48) pay_command -> KEYWORD_PAY ACCOMMODATION FOR identifier_list IN identifier_list ON DATE . TO DATE AT TIME FOR identifier_list SYM_END

    TO              shift and go to state 341


state 286

    (50) cancel_command -> KEYWORD_CANCEL TICKET FOR identifier_list ON DATE AT TIME . FOR identifier_list SYM_END

    FOR             shift and go to state 342


state 287

    (52) cancel_command -> KEYWORD_CANCEL TICKET FOR identifier_list FROM identifier_list TO identifier_list . ON DATE AT TIME FOR identifier_list SYM_END
    (13) identifier_list -> identifier_list . - identifier_list

    ON              shift and go to state 343
    -               shift and go to state 94


state 288

    (54) cancel_command -> KEYWORD_CANCEL TICKET FOR CONCERT identifier_list IN identifier_list ON . DATE AT TIME FOR identifier_list SYM_END

    DATE            shift and go to state 344


state 289

    (56) cancel_command -> KEYWORD_CANCEL TICKET FOR CONCERT identifier_list AT identifier_list ON . DATE AT TIME FOR identifier_list SYM_END

    DATE            shift and go to state 345


state 290

    (58) cancel_command -> KEYWORD_CANCEL TICKET FOR EVENT identifier_list AT identifier_list ON . DATE AT TIME FOR identifier_list SYM_END

    DATE            shift and go to state 346


state 291

    (51) cancel_command -> KEYWORD_CANCEL INTEGER TICKETS FOR identifier_list ON DATE AT . TIME FOR identifier_list SYM_END

    TIME            shift and go to state 347


state 292

    (53) cancel_command -> KEYWORD_CANCEL INTEGER TICKETS FOR identifier_list FROM identifier_list TO . identifier_list ON DATE AT TIME FOR identifier_list SYM_END
    (10) identifier_list -> . IDENTIFIER identifier_list
    (11) identifier_list -> . IDENTIFIER
    (12) identifier_list -> . STRING
    (13) identifier_list -> . identifier_list - identifier_list

    IDENTIFIER      shift and go to state 61
    STRING          shift and go to state 62

    identifier_list                shift and go to state 348

state 293

    (55) cancel_command -> KEYWORD_CANCEL INTEGER TICKETS FOR CONCERT identifier_list IN identifier_list . ON DATE AT TIME FOR identifier_list SYM_END
    (13) identifier_list -> identifier_list . - identifier_list

    ON              shift and go to state 349
    -               shift and go to state 94


state 294

    (57) cancel_command -> KEYWORD_CANCEL INTEGER TICKETS FOR CONCERT identifier_list AT identifier_list . ON DATE AT TIME FOR identifier_list SYM_END
    (13) identifier_list -> identifier_list . - identifier_list

    ON              shift and go to state 350
    -               shift and go to state 94


state 295

    (59) cancel_command -> KEYWORD_CANCEL INTEGER TICKETS FOR EVENT identifier_list AT identifier_list . ON DATE AT TIME FOR identifier_list SYM_END
    (13) identifier_list -> identifier_list . - identifier_list

    ON              shift and go to state 351
    -               shift and go to state 94


state 296

    (61) cancel_command -> KEYWORD_CANCEL INTEGER ACCOMMODATIONS FOR identifier_list IN identifier_list ON . DATE TO DATE AT TIME FOR identifier_list SYM_END

    DATE            shift and go to state 352


state 297

    (60) cancel_command -> KEYWORD_CANCEL ACCOMMODATION FOR identifier_list IN identifier_list ON DATE . TO DATE AT TIME FOR identifier_list SYM_END

    TO              shift and go to state 353


state 298

    (63) list_command -> KEYWORD_LIST AVAILABLE SCHEDULE FOR identifier_list FROM identifier_list TO . identifier_list SYM_END
    (10) identifier_list -> . IDENTIFIER identifier_list
    (11) identifier_list -> . IDENTIFIER
    (12) identifier_list -> . STRING
    (13) identifier_list -> . identifier_list - identifier_list

    IDENTIFIER      shift and go to state 61
    STRING          shift and go to state 62

    identifier_list                shift and go to state 354

state 299

    (64) list_command -> KEYWORD_LIST AVAILABLE TICKETS FOR identifier_list FROM identifier_list TO . identifier_list SYM_END
    (10) identifier_list -> . IDENTIFIER identifier_list
    (11) identifier_list -> . IDENTIFIER
    (12) identifier_list -> . STRING
    (13) identifier_list -> . identifier_list - identifier_list

    IDENTIFIER      shift and go to state 61
    STRING          shift and go to state 62

    identifier_list                shift and go to state 355

state 300

    (68) list_command -> KEYWORD_LIST AVAILABLE TICKETS FOR identifier_list AT identifier_list SYM_END .

    $end            reduce using rule 68 (list_command -> KEYWORD_LIST AVAILABLE TICKETS FOR identifier_list AT identifier_list SYM_END .)


state 301

    (65) list_command -> KEYWORD_LIST AVAILABLE TICKETS FOR CONCERT identifier_list IN identifier_list . SYM_END
    (13) identifier_list -> identifier_list . - identifier_list

    SYM_END         shift and go to state 356
    -               shift and go to state 94


state 302

    (66) list_command -> KEYWORD_LIST AVAILABLE TICKETS FOR CONCERT identifier_list AT identifier_list . SYM_END
    (13) identifier_list -> identifier_list . - identifier_list

    SYM_END         shift and go to state 357
    -               shift and go to state 94


state 303

    (71) list_command -> KEYWORD_LIST AVAILABLE TICKETS FOR EVENT identifier_list IN identifier_list . SYM_END
    (13) identifier_list -> identifier_list . - identifier_list

    SYM_END         shift and go to state 358
    -               shift and go to state 94


state 304

    (72) list_command -> KEYWORD_LIST AVAILABLE TICKETS FOR EVENT identifier_list AT identifier_list . SYM_END
    (13) identifier_list -> identifier_list . - identifier_list

    SYM_END         shift and go to state 359
    -               shift and go to state 94


state 305

    (70) list_command -> KEYWORD_LIST AVAILABLE ROOMS FOR identifier_list IN identifier_list SYM_END .

    $end            reduce using rule 70 (list_command -> KEYWORD_LIST AVAILABLE ROOMS FOR identifier_list IN identifier_list SYM_END .)


state 306

    (14) book_command -> KEYWORD_BOOK TICKET FOR identifier_list ON DATE AT TIME FOR . identifier_list SYM_END
    (10) identifier_list -> . IDENTIFIER identifier_list
    (11) identifier_list -> . IDENTIFIER
    (12) identifier_list -> . STRING
    (13) identifier_list -> . identifier_list - identifier_list

    IDENTIFIER      shift and go to state 61
    STRING          shift and go to state 62

    identifier_list                shift and go to state 360

state 307

    (16) book_command -> KEYWORD_BOOK TICKET FOR identifier_list FROM identifier_list TO identifier_list ON . DATE AT TIME FOR identifier_list SYM_END

    DATE            shift and go to state 361


state 308

    (18) book_command -> KEYWORD_BOOK TICKET FOR CONCERT identifier_list IN identifier_list ON DATE . AT TIME FOR identifier_list SYM_END

    AT              shift and go to state 362


state 309

    (20) book_command -> KEYWORD_BOOK TICKET FOR CONCERT identifier_list AT identifier_list ON DATE . AT TIME FOR identifier_list SYM_END

    AT              shift and go to state 363


state 310

    (22) book_command -> KEYWORD_BOOK TICKET FOR EVENT identifier_list AT identifier_list ON DATE . AT TIME FOR identifier_list SYM_END

    AT              shift and go to state 364


state 311

    (15) book_command -> KEYWORD_BOOK INTEGER TICKETS FOR identifier_list ON DATE AT TIME . FOR identifier_list SYM_END

    FOR             shift and go to state 365


state 312

    (17) book_command -> KEYWORD_BOOK INTEGER TICKETS FOR identifier_list FROM identifier_list TO identifier_list . ON DATE AT TIME FOR identifier_list SYM_END
    (13) identifier_list -> identifier_list . - identifier_list

    ON              shift and go to state 366
    -               shift and go to state 94


state 313

    (19) book_command -> KEYWORD_BOOK INTEGER TICKETS FOR CONCERT identifier_list IN identifier_list ON . DATE AT TIME FOR identifier_list SYM_END

    DATE            shift and go to state 367


state 314

    (21) book_command -> KEYWORD_BOOK INTEGER TICKETS FOR CONCERT identifier_list AT identifier_list ON . DATE AT TIME FOR identifier_list SYM_END

    DATE            shift and go to state 368


state 315

    (23) book_command -> KEYWORD_BOOK INTEGER TICKETS FOR EVENT identifier_list AT identifier_list ON . DATE AT TIME FOR identifier_list SYM_END

    DATE            shift and go to state 369


state 316

    (25) book_command -> KEYWORD_BOOK INTEGER ACCOMMODATIONS FOR identifier_list IN identifier_list ON DATE . TO DATE AT TIME FOR identifier_list SYM_END

    TO              shift and go to state 370


state 317

    (24) book_command -> KEYWORD_BOOK ACCOMMODATION FOR identifier_list IN identifier_list ON DATE TO . DATE AT TIME FOR identifier_list SYM_END

    DATE            shift and go to state 371


state 318

    (26) confirm_command -> KEYWORD_CONFIRM TICKET FOR identifier_list ON DATE AT TIME FOR . identifier_list SYM_END
    (10) identifier_list -> . IDENTIFIER identifier_list
    (11) identifier_list -> . IDENTIFIER
    (12) identifier_list -> . STRING
    (13) identifier_list -> . identifier_list - identifier_list

    IDENTIFIER      shift and go to state 61
    STRING          shift and go to state 62

    identifier_list                shift and go to state 372

state 319

    (28) confirm_command -> KEYWORD_CONFIRM TICKET FOR identifier_list FROM identifier_list TO identifier_list ON . DATE AT TIME FOR identifier_list SYM_END

    DATE            shift and go to state 373


state 320

    (30) confirm_command -> KEYWORD_CONFIRM TICKET FOR CONCERT identifier_list IN identifier_list ON DATE . AT TIME FOR identifier_list SYM_END

    AT              shift and go to state 374


state 321

    (32) confirm_command -> KEYWORD_CONFIRM TICKET FOR CONCERT identifier_list AT identifier_list ON DATE . AT TIME FOR identifier_list SYM_END

    AT              shift and go to state 375


state 322

    (34) confirm_command -> KEYWORD_CONFIRM TICKET FOR EVENT identifier_list AT identifier_list ON DATE . AT TIME FOR identifier_list SYM_END

    AT              shift and go to state 376


state 323

    (27) confirm_command -> KEYWORD_CONFIRM INTEGER TICKETS FOR identifier_list ON DATE AT TIME . FOR identifier_list SYM_END

    FOR             shift and go to state 377


state 324

    (29) confirm_command -> KEYWORD_CONFIRM INTEGER TICKETS FOR identifier_list FROM identifier_list TO identifier_list . ON DATE AT TIME FOR identifier_list SYM_END
    (13) identifier_list -> identifier_list . - identifier_list

    ON              shift and go to state 378
    -               shift and go to state 94


state 325

    (31) confirm_command -> KEYWORD_CONFIRM INTEGER TICKETS FOR CONCERT identifier_list IN identifier_list ON . DATE AT TIME FOR identifier_list SYM_END

    DATE            shift and go to state 379


state 326

    (33) confirm_command -> KEYWORD_CONFIRM INTEGER TICKETS FOR CONCERT identifier_list AT identifier_list ON . DATE AT TIME FOR identifier_list SYM_END

    DATE            shift and go to state 380


state 327

    (35) confirm_command -> KEYWORD_CONFIRM INTEGER TICKETS FOR EVENT identifier_list AT identifier_list ON . DATE AT TIME FOR identifier_list SYM_END

    DATE            shift and go to state 381


state 328

    (37) confirm_command -> KEYWORD_CONFIRM INTEGER ACCOMMODATION FOR identifier_list IN identifier_list ON DATE . TO DATE AT TIME FOR identifier_list SYM_END

    TO              shift and go to state 382


state 329

    (36) confirm_command -> KEYWORD_CONFIRM ACCOMMODATION FOR identifier_list IN identifier_list ON DATE TO . DATE AT TIME FOR identifier_list SYM_END

    DATE            shift and go to state 383


state 330

    (38) pay_command -> KEYWORD_PAY TICKET FOR identifier_list ON DATE AT TIME FOR . identifier_list SYM_END
    (10) identifier_list -> . IDENTIFIER identifier_list
    (11) identifier_list -> . IDENTIFIER
    (12) identifier_list -> . STRING
    (13) identifier_list -> . identifier_list - identifier_list

    IDENTIFIER      shift and go to state 61
    STRING          shift and go to state 62

    identifier_list                shift and go to state 384

state 331

    (40) pay_command -> KEYWORD_PAY TICKET FOR identifier_list FROM identifier_list TO identifier_list ON . DATE AT TIME FOR identifier_list SYM_END

    DATE            shift and go to state 385


state 332

    (42) pay_command -> KEYWORD_PAY TICKET FOR CONCERT identifier_list IN identifier_list ON DATE . AT TIME FOR identifier_list SYM_END

    AT              shift and go to state 386


state 333

    (44) pay_command -> KEYWORD_PAY TICKET FOR CONCERT identifier_list AT identifier_list ON DATE . AT TIME FOR identifier_list SYM_END

    AT              shift and go to state 387


state 334

    (46) pay_command -> KEYWORD_PAY TICKET FOR EVENT identifier_list AT identifier_list ON DATE . AT TIME FOR identifier_list SYM_END

    AT              shift and go to state 388


state 335

    (39) pay_command -> KEYWORD_PAY INTEGER TICKETS FOR identifier_list ON DATE AT TIME . FOR identifier_list SYM_END

    FOR             shift and go to state 389


state 336

    (41) pay_command -> KEYWORD_PAY INTEGER TICKETS FOR identifier_list FROM identifier_list TO identifier_list . ON DATE AT TIME FOR identifier_list SYM_END
    (13) identifier_list -> identifier_list . - identifier_list

    ON              shift and go to state 390
    -               shift and go to state 94


state 337

    (43) pay_command -> KEYWORD_PAY INTEGER TICKETS FOR CONCERT identifier_list IN identifier_list ON . DATE AT TIME FOR identifier_list SYM_END

    DATE            shift and go to state 391


state 338

    (45) pay_command -> KEYWORD_PAY INTEGER TICKETS FOR CONCERT identifier_list AT identifier_list ON . DATE AT TIME FOR identifier_list SYM_END

    DATE            shift and go to state 392


state 339

    (47) pay_command -> KEYWORD_PAY INTEGER TICKETS FOR EVENT identifier_list AT identifier_list ON . DATE AT TIME FOR identifier_list SYM_END

    DATE            shift and go to state 393


state 340

    (49) pay_command -> KEYWORD_PAY INTEGER ACCOMMODATIONS FOR identifier_list IN identifier_list ON DATE . TO DATE AT TIME FOR identifier_list SYM_END

    TO              shift and go to state 394


state 341

    (48) pay_command -> KEYWORD_PAY ACCOMMODATION FOR identifier_list IN identifier_list ON DATE TO . DATE AT TIME FOR identifier_list SYM_END

    DATE            shift and go to state 395


state 342

    (50) cancel_command -> KEYWORD_CANCEL TICKET FOR identifier_list ON DATE AT TIME FOR . identifier_list SYM_END
    (10) identifier_list -> . IDENTIFIER identifier_list
    (11) identifier_list -> . IDENTIFIER
    (12) identifier_list -> . STRING
    (13) identifier_list -> . identifier_list - identifier_list

    IDENTIFIER      shift and go to state 61
    STRING          shift and go to state 62

    identifier_list                shift and go to state 396

state 343

    (52) cancel_command -> KEYWORD_CANCEL TICKET FOR identifier_list FROM identifier_list TO identifier_list ON . DATE AT TIME FOR identifier_list SYM_END

    DATE            shift and go to state 397


state 344

    (54) cancel_command -> KEYWORD_CANCEL TICKET FOR CONCERT identifier_list IN identifier_list ON DATE . AT TIME FOR identifier_list SYM_END

    AT              shift and go to state 398


state 345

    (56) cancel_command -> KEYWORD_CANCEL TICKET FOR CONCERT identifier_list AT identifier_list ON DATE . AT TIME FOR identifier_list SYM_END

    AT              shift and go to state 399


state 346

    (58) cancel_command -> KEYWORD_CANCEL TICKET FOR EVENT identifier_list AT identifier_list ON DATE . AT TIME FOR identifier_list SYM_END

    AT              shift and go to state 400


state 347

    (51) cancel_command -> KEYWORD_CANCEL INTEGER TICKETS FOR identifier_list ON DATE AT TIME . FOR identifier_list SYM_END

    FOR             shift and go to state 401


state 348

    (53) cancel_command -> KEYWORD_CANCEL INTEGER TICKETS FOR identifier_list FROM identifier_list TO identifier_list . ON DATE AT TIME FOR identifier_list SYM_END
    (13) identifier_list -> identifier_list . - identifier_list

    ON              shift and go to state 402
    -               shift and go to state 94


state 349

    (55) cancel_command -> KEYWORD_CANCEL INTEGER TICKETS FOR CONCERT identifier_list IN identifier_list ON . DATE AT TIME FOR identifier_list SYM_END

    DATE            shift and go to state 403


state 350

    (57) cancel_command -> KEYWORD_CANCEL INTEGER TICKETS FOR CONCERT identifier_list AT identifier_list ON . DATE AT TIME FOR identifier_list SYM_END

    DATE            shift and go to state 404


state 351

    (59) cancel_command -> KEYWORD_CANCEL INTEGER TICKETS FOR EVENT identifier_list AT identifier_list ON . DATE AT TIME FOR identifier_list SYM_END

    DATE            shift and go to state 405


state 352

    (61) cancel_command -> KEYWORD_CANCEL INTEGER ACCOMMODATIONS FOR identifier_list IN identifier_list ON DATE . TO DATE AT TIME FOR identifier_list SYM_END

    TO              shift and go to state 406


state 353

    (60) cancel_command -> KEYWORD_CANCEL ACCOMMODATION FOR identifier_list IN identifier_list ON DATE TO . DATE AT TIME FOR identifier_list SYM_END

    DATE            shift and go to state 407


state 354

    (63) list_command -> KEYWORD_LIST AVAILABLE SCHEDULE FOR identifier_list FROM identifier_list TO identifier_list . SYM_END
    (13) identifier_list -> identifier_list . - identifier_list

    SYM_END         shift and go to state 408
    -               shift and go to state 94


state 355

    (64) list_command -> KEYWORD_LIST AVAILABLE TICKETS FOR identifier_list FROM identifier_list TO identifier_list . SYM_END
    (13) identifier_list -> identifier_list . - identifier_list

    SYM_END         shift and go to state 409
    -               shift and go to state 94


state 356

    (65) list_command -> KEYWORD_LIST AVAILABLE TICKETS FOR CONCERT identifier_list IN identifier_list SYM_END .

    $end            reduce using rule 65 (list_command -> KEYWORD_LIST AVAILABLE TICKETS FOR CONCERT identifier_list IN identifier_list SYM_END .)


state 357

    (66) list_command -> KEYWORD_LIST AVAILABLE TICKETS FOR CONCERT identifier_list AT identifier_list SYM_END .

    $end            reduce using rule 66 (list_command -> KEYWORD_LIST AVAILABLE TICKETS FOR CONCERT identifier_list AT identifier_list SYM_END .)


state 358

    (71) list_command -> KEYWORD_LIST AVAILABLE TICKETS FOR EVENT identifier_list IN identifier_list SYM_END .

    $end            reduce using rule 71 (list_command -> KEYWORD_LIST AVAILABLE TICKETS FOR EVENT identifier_list IN identifier_list SYM_END .)


state 359

    (72) list_command -> KEYWORD_LIST AVAILABLE TICKETS FOR EVENT identifier_list AT identifier_list SYM_END .

    $end            reduce using rule 72 (list_command -> KEYWORD_LIST AVAILABLE TICKETS FOR EVENT identifier_list AT identifier_list SYM_END .)


state 360

    (14) book_command -> KEYWORD_BOOK TICKET FOR identifier_list ON DATE AT TIME FOR identifier_list . SYM_END
    (13) identifier_list -> identifier_list . - identifier_list

    SYM_END         shift and go to state 410
    -               shift and go to state 94


state 361

    (16) book_command -> KEYWORD_BOOK TICKET FOR identifier_list FROM identifier_list TO identifier_list ON DATE . AT TIME FOR identifier_list SYM_END

    AT              shift and go to state 411


state 362

    (18) book_command -> KEYWORD_BOOK TICKET FOR CONCERT identifier_list IN identifier_list ON DATE AT . TIME FOR identifier_list SYM_END

    TIME            shift and go to state 412


state 363

    (20) book_command -> KEYWORD_BOOK TICKET FOR CONCERT identifier_list AT identifier_list ON DATE AT . TIME FOR identifier_list SYM_END

    TIME            shift and go to state 413


state 364

    (22) book_command -> KEYWORD_BOOK TICKET FOR EVENT identifier_list AT identifier_list ON DATE AT . TIME FOR identifier_list SYM_END

    TIME            shift and go to state 414


state 365

    (15) book_command -> KEYWORD_BOOK INTEGER TICKETS FOR identifier_list ON DATE AT TIME FOR . identifier_list SYM_END
    (10) identifier_list -> . IDENTIFIER identifier_list
    (11) identifier_list -> . IDENTIFIER
    (12) identifier_list -> . STRING
    (13) identifier_list -> . identifier_list - identifier_list

    IDENTIFIER      shift and go to state 61
    STRING          shift and go to state 62

    identifier_list                shift and go to state 415

state 366

    (17) book_command -> KEYWORD_BOOK INTEGER TICKETS FOR identifier_list FROM identifier_list TO identifier_list ON . DATE AT TIME FOR identifier_list SYM_END

    DATE            shift and go to state 416


state 367

    (19) book_command -> KEYWORD_BOOK INTEGER TICKETS FOR CONCERT identifier_list IN identifier_list ON DATE . AT TIME FOR identifier_list SYM_END

    AT              shift and go to state 417


state 368

    (21) book_command -> KEYWORD_BOOK INTEGER TICKETS FOR CONCERT identifier_list AT identifier_list ON DATE . AT TIME FOR identifier_list SYM_END

    AT              shift and go to state 418


state 369

    (23) book_command -> KEYWORD_BOOK INTEGER TICKETS FOR EVENT identifier_list AT identifier_list ON DATE . AT TIME FOR identifier_list SYM_END

    AT              shift and go to state 419


state 370

    (25) book_command -> KEYWORD_BOOK INTEGER ACCOMMODATIONS FOR identifier_list IN identifier_list ON DATE TO . DATE AT TIME FOR identifier_list SYM_END

    DATE            shift and go to state 420


state 371

    (24) book_command -> KEYWORD_BOOK ACCOMMODATION FOR identifier_list IN identifier_list ON DATE TO DATE . AT TIME FOR identifier_list SYM_END

    AT              shift and go to state 421


state 372

    (26) confirm_command -> KEYWORD_CONFIRM TICKET FOR identifier_list ON DATE AT TIME FOR identifier_list . SYM_END
    (13) identifier_list -> identifier_list . - identifier_list

    SYM_END         shift and go to state 422
    -               shift and go to state 94


state 373

    (28) confirm_command -> KEYWORD_CONFIRM TICKET FOR identifier_list FROM identifier_list TO identifier_list ON DATE . AT TIME FOR identifier_list SYM_END

    AT              shift and go to state 423


state 374

    (30) confirm_command -> KEYWORD_CONFIRM TICKET FOR CONCERT identifier_list IN identifier_list ON DATE AT . TIME FOR identifier_list SYM_END

    TIME            shift and go to state 424


state 375

    (32) confirm_command -> KEYWORD_CONFIRM TICKET FOR CONCERT identifier_list AT identifier_list ON DATE AT . TIME FOR identifier_list SYM_END

    TIME            shift and go to state 425


state 376

    (34) confirm_command -> KEYWORD_CONFIRM TICKET FOR EVENT identifier_list AT identifier_list ON DATE AT . TIME FOR identifier_list SYM_END

    TIME            shift and go to state 426


state 377

    (27) confirm_command -> KEYWORD_CONFIRM INTEGER TICKETS FOR identifier_list ON DATE AT TIME FOR . identifier_list SYM_END
    (10) identifier_list -> . IDENTIFIER identifier_list
    (11) identifier_list -> . IDENTIFIER
    (12) identifier_list -> . STRING
    (13) identifier_list -> . identifier_list - identifier_list

    IDENTIFIER      shift and go to state 61
    STRING          shift and go to state 62

    identifier_list                shift and go to state 427

state 378

    (29) confirm_command -> KEYWORD_CONFIRM INTEGER TICKETS FOR identifier_list FROM identifier_list TO identifier_list ON . DATE AT TIME FOR identifier_list SYM_END

    DATE            shift and go to state 428


state 379

    (31) confirm_command -> KEYWORD_CONFIRM INTEGER TICKETS FOR CONCERT identifier_list IN identifier_list ON DATE . AT TIME FOR identifier_list SYM_END

    AT              shift and go to state 429


state 380

    (33) confirm_command -> KEYWORD_CONFIRM INTEGER TICKETS FOR CONCERT identifier_list AT identifier_list ON DATE . AT TIME FOR identifier_list SYM_END

    AT              shift and go to state 430


state 381

    (35) confirm_command -> KEYWORD_CONFIRM INTEGER TICKETS FOR EVENT identifier_list AT identifier_list ON DATE . AT TIME FOR identifier_list SYM_END

    AT              shift and go to state 431


state 382

    (37) confirm_command -> KEYWORD_CONFIRM INTEGER ACCOMMODATION FOR identifier_list IN identifier_list ON DATE TO . DATE AT TIME FOR identifier_list SYM_END

    DATE            shift and go to state 432


state 383

    (36) confirm_command -> KEYWORD_CONFIRM ACCOMMODATION FOR identifier_list IN identifier_list ON DATE TO DATE . AT TIME FOR identifier_list SYM_END

    AT              shift and go to state 433


state 384

    (38) pay_command -> KEYWORD_PAY TICKET FOR identifier_list ON DATE AT TIME FOR identifier_list . SYM_END
    (13) identifier_list -> identifier_list . - identifier_list

    SYM_END         shift and go to state 434
    -               shift and go to state 94


state 385

    (40) pay_command -> KEYWORD_PAY TICKET FOR identifier_list FROM identifier_list TO identifier_list ON DATE . AT TIME FOR identifier_list SYM_END

    AT              shift and go to state 435


state 386

    (42) pay_command -> KEYWORD_PAY TICKET FOR CONCERT identifier_list IN identifier_list ON DATE AT . TIME FOR identifier_list SYM_END

    TIME            shift and go to state 436


state 387

    (44) pay_command -> KEYWORD_PAY TICKET FOR CONCERT identifier_list AT identifier_list ON DATE AT . TIME FOR identifier_list SYM_END

    TIME            shift and go to state 437


state 388

    (46) pay_command -> KEYWORD_PAY TICKET FOR EVENT identifier_list AT identifier_list ON DATE AT . TIME FOR identifier_list SYM_END

    TIME            shift and go to state 438


state 389

    (39) pay_command -> KEYWORD_PAY INTEGER TICKETS FOR identifier_list ON DATE AT TIME FOR . identifier_list SYM_END
    (10) identifier_list -> . IDENTIFIER identifier_list
    (11) identifier_list -> . IDENTIFIER
    (12) identifier_list -> . STRING
    (13) identifier_list -> . identifier_list - identifier_list

    IDENTIFIER      shift and go to state 61
    STRING          shift and go to state 62

    identifier_list                shift and go to state 439

state 390

    (41) pay_command -> KEYWORD_PAY INTEGER TICKETS FOR identifier_list FROM identifier_list TO identifier_list ON . DATE AT TIME FOR identifier_list SYM_END

    DATE            shift and go to state 440


state 391

    (43) pay_command -> KEYWORD_PAY INTEGER TICKETS FOR CONCERT identifier_list IN identifier_list ON DATE . AT TIME FOR identifier_list SYM_END

    AT              shift and go to state 441


state 392

    (45) pay_command -> KEYWORD_PAY INTEGER TICKETS FOR CONCERT identifier_list AT identifier_list ON DATE . AT TIME FOR identifier_list SYM_END

    AT              shift and go to state 442


state 393

    (47) pay_command -> KEYWORD_PAY INTEGER TICKETS FOR EVENT identifier_list AT identifier_list ON DATE . AT TIME FOR identifier_list SYM_END

    AT              shift and go to state 443


state 394

    (49) pay_command -> KEYWORD_PAY INTEGER ACCOMMODATIONS FOR identifier_list IN identifier_list ON DATE TO . DATE AT TIME FOR identifier_list SYM_END

    DATE            shift and go to state 444


state 395

    (48) pay_command -> KEYWORD_PAY ACCOMMODATION FOR identifier_list IN identifier_list ON DATE TO DATE . AT TIME FOR identifier_list SYM_END

    AT              shift and go to state 445


state 396

    (50) cancel_command -> KEYWORD_CANCEL TICKET FOR identifier_list ON DATE AT TIME FOR identifier_list . SYM_END
    (13) identifier_list -> identifier_list . - identifier_list

    SYM_END         shift and go to state 446
    -               shift and go to state 94


state 397

    (52) cancel_command -> KEYWORD_CANCEL TICKET FOR identifier_list FROM identifier_list TO identifier_list ON DATE . AT TIME FOR identifier_list SYM_END

    AT              shift and go to state 447


state 398

    (54) cancel_command -> KEYWORD_CANCEL TICKET FOR CONCERT identifier_list IN identifier_list ON DATE AT . TIME FOR identifier_list SYM_END

    TIME            shift and go to state 448


state 399

    (56) cancel_command -> KEYWORD_CANCEL TICKET FOR CONCERT identifier_list AT identifier_list ON DATE AT . TIME FOR identifier_list SYM_END

    TIME            shift and go to state 449


state 400

    (58) cancel_command -> KEYWORD_CANCEL TICKET FOR EVENT identifier_list AT identifier_list ON DATE AT . TIME FOR identifier_list SYM_END

    TIME            shift and go to state 450


state 401

    (51) cancel_command -> KEYWORD_CANCEL INTEGER TICKETS FOR identifier_list ON DATE AT TIME FOR . identifier_list SYM_END
    (10) identifier_list -> . IDENTIFIER identifier_list
    (11) identifier_list -> . IDENTIFIER
    (12) identifier_list -> . STRING
    (13) identifier_list -> . identifier_list - identifier_list

    IDENTIFIER      shift and go to state 61
    STRING          shift and go to state 62

    identifier_list                shift and go to state 451

state 402

    (53) cancel_command -> KEYWORD_CANCEL INTEGER TICKETS FOR identifier_list FROM identifier_list TO identifier_list ON . DATE AT TIME FOR identifier_list SYM_END

    DATE            shift and go to state 452


state 403

    (55) cancel_command -> KEYWORD_CANCEL INTEGER TICKETS FOR CONCERT identifier_list IN identifier_list ON DATE . AT TIME FOR identifier_list SYM_END

    AT              shift and go to state 453


state 404

    (57) cancel_command -> KEYWORD_CANCEL INTEGER TICKETS FOR CONCERT identifier_list AT identifier_list ON DATE . AT TIME FOR identifier_list SYM_END

    AT              shift and go to state 454


state 405

    (59) cancel_command -> KEYWORD_CANCEL INTEGER TICKETS FOR EVENT identifier_list AT identifier_list ON DATE . AT TIME FOR identifier_list SYM_END

    AT              shift and go to state 455


state 406

    (61) cancel_command -> KEYWORD_CANCEL INTEGER ACCOMMODATIONS FOR identifier_list IN identifier_list ON DATE TO . DATE AT TIME FOR identifier_list SYM_END

    DATE            shift and go to state 456


state 407

    (60) cancel_command -> KEYWORD_CANCEL ACCOMMODATION FOR identifier_list IN identifier_list ON DATE TO DATE . AT TIME FOR identifier_list SYM_END

    AT              shift and go to state 457


state 408

    (63) list_command -> KEYWORD_LIST AVAILABLE SCHEDULE FOR identifier_list FROM identifier_list TO identifier_list SYM_END .

    $end            reduce using rule 63 (list_command -> KEYWORD_LIST AVAILABLE SCHEDULE FOR identifier_list FROM identifier_list TO identifier_list SYM_END .)


state 409

    (64) list_command -> KEYWORD_LIST AVAILABLE TICKETS FOR identifier_list FROM identifier_list TO identifier_list SYM_END .

    $end            reduce using rule 64 (list_command -> KEYWORD_LIST AVAILABLE TICKETS FOR identifier_list FROM identifier_list TO identifier_list SYM_END .)


state 410

    (14) book_command -> KEYWORD_BOOK TICKET FOR identifier_list ON DATE AT TIME FOR identifier_list SYM_END .

    $end            reduce using rule 14 (book_command -> KEYWORD_BOOK TICKET FOR identifier_list ON DATE AT TIME FOR identifier_list SYM_END .)


state 411

    (16) book_command -> KEYWORD_BOOK TICKET FOR identifier_list FROM identifier_list TO identifier_list ON DATE AT . TIME FOR identifier_list SYM_END

    TIME            shift and go to state 458


state 412

    (18) book_command -> KEYWORD_BOOK TICKET FOR CONCERT identifier_list IN identifier_list ON DATE AT TIME . FOR identifier_list SYM_END

    FOR             shift and go to state 459


state 413

    (20) book_command -> KEYWORD_BOOK TICKET FOR CONCERT identifier_list AT identifier_list ON DATE AT TIME . FOR identifier_list SYM_END

    FOR             shift and go to state 460


state 414

    (22) book_command -> KEYWORD_BOOK TICKET FOR EVENT identifier_list AT identifier_list ON DATE AT TIME . FOR identifier_list SYM_END

    FOR             shift and go to state 461


state 415

    (15) book_command -> KEYWORD_BOOK INTEGER TICKETS FOR identifier_list ON DATE AT TIME FOR identifier_list . SYM_END
    (13) identifier_list -> identifier_list . - identifier_list

    SYM_END         shift and go to state 462
    -               shift and go to state 94


state 416

    (17) book_command -> KEYWORD_BOOK INTEGER TICKETS FOR identifier_list FROM identifier_list TO identifier_list ON DATE . AT TIME FOR identifier_list SYM_END

    AT              shift and go to state 463


state 417

    (19) book_command -> KEYWORD_BOOK INTEGER TICKETS FOR CONCERT identifier_list IN identifier_list ON DATE AT . TIME FOR identifier_list SYM_END

    TIME            shift and go to state 464


state 418

    (21) book_command -> KEYWORD_BOOK INTEGER TICKETS FOR CONCERT identifier_list AT identifier_list ON DATE AT . TIME FOR identifier_list SYM_END

    TIME            shift and go to state 465


state 419

    (23) book_command -> KEYWORD_BOOK INTEGER TICKETS FOR EVENT identifier_list AT identifier_list ON DATE AT . TIME FOR identifier_list SYM_END

    TIME            shift and go to state 466


state 420

    (25) book_command -> KEYWORD_BOOK INTEGER ACCOMMODATIONS FOR identifier_list IN identifier_list ON DATE TO DATE . AT TIME FOR identifier_list SYM_END

    AT              shift and go to state 467


state 421

    (24) book_command -> KEYWORD_BOOK ACCOMMODATION FOR identifier_list IN identifier_list ON DATE TO DATE AT . TIME FOR identifier_list SYM_END

    TIME            shift and go to state 468


state 422

    (26) confirm_command -> KEYWORD_CONFIRM TICKET FOR identifier_list ON DATE AT TIME FOR identifier_list SYM_END .

    $end            reduce using rule 26 (confirm_command -> KEYWORD_CONFIRM TICKET FOR identifier_list ON DATE AT TIME FOR identifier_list SYM_END .)


state 423

    (28) confirm_command -> KEYWORD_CONFIRM TICKET FOR identifier_list FROM identifier_list TO identifier_list ON DATE AT . TIME FOR identifier_list SYM_END

    TIME            shift and go to state 469


state 424

    (30) confirm_command -> KEYWORD_CONFIRM TICKET FOR CONCERT identifier_list IN identifier_list ON DATE AT TIME . FOR identifier_list SYM_END

    FOR             shift and go to state 470


state 425

    (32) confirm_command -> KEYWORD_CONFIRM TICKET FOR CONCERT identifier_list AT identifier_list ON DATE AT TIME . FOR identifier_list SYM_END

    FOR             shift and go to state 471


state 426

    (34) confirm_command -> KEYWORD_CONFIRM TICKET FOR EVENT identifier_list AT identifier_list ON DATE AT TIME . FOR identifier_list SYM_END

    FOR             shift and go to state 472


state 427

    (27) confirm_command -> KEYWORD_CONFIRM INTEGER TICKETS FOR identifier_list ON DATE AT TIME FOR identifier_list . SYM_END
    (13) identifier_list -> identifier_list . - identifier_list

    SYM_END         shift and go to state 473
    -               shift and go to state 94


state 428

    (29) confirm_command -> KEYWORD_CONFIRM INTEGER TICKETS FOR identifier_list FROM identifier_list TO identifier_list ON DATE . AT TIME FOR identifier_list SYM_END

    AT              shift and go to state 474


state 429

    (31) confirm_command -> KEYWORD_CONFIRM INTEGER TICKETS FOR CONCERT identifier_list IN identifier_list ON DATE AT . TIME FOR identifier_list SYM_END

    TIME            shift and go to state 475


state 430

    (33) confirm_command -> KEYWORD_CONFIRM INTEGER TICKETS FOR CONCERT identifier_list AT identifier_list ON DATE AT . TIME FOR identifier_list SYM_END

    TIME            shift and go to state 476


state 431

    (35) confirm_command -> KEYWORD_CONFIRM INTEGER TICKETS FOR EVENT identifier_list AT identifier_list ON DATE AT . TIME FOR identifier_list SYM_END

    TIME            shift and go to state 477


state 432

    (37) confirm_command -> KEYWORD_CONFIRM INTEGER ACCOMMODATION FOR identifier_list IN identifier_list ON DATE TO DATE . AT TIME FOR identifier_list SYM_END

    AT              shift and go to state 478


state 433

    (36) confirm_command -> KEYWORD_CONFIRM ACCOMMODATION FOR identifier_list IN identifier_list ON DATE TO DATE AT . TIME FOR identifier_list SYM_END

    TIME            shift and go to state 479


state 434

    (38) pay_command -> KEYWORD_PAY TICKET FOR identifier_list ON DATE AT TIME FOR identifier_list SYM_END .

    $end            reduce using rule 38 (pay_command -> KEYWORD_PAY TICKET FOR identifier_list ON DATE AT TIME FOR identifier_list SYM_END .)


state 435

    (40) pay_command -> KEYWORD_PAY TICKET FOR identifier_list FROM identifier_list TO identifier_list ON DATE AT . TIME FOR identifier_list SYM_END

    TIME            shift and go to state 480


state 436

    (42) pay_command -> KEYWORD_PAY TICKET FOR CONCERT identifier_list IN identifier_list ON DATE AT TIME . FOR identifier_list SYM_END

    FOR             shift and go to state 481


state 437

    (44) pay_command -> KEYWORD_PAY TICKET FOR CONCERT identifier_list AT identifier_list ON DATE AT TIME . FOR identifier_list SYM_END

    FOR             shift and go to state 482


state 438

    (46) pay_command -> KEYWORD_PAY TICKET FOR EVENT identifier_list AT identifier_list ON DATE AT TIME . FOR identifier_list SYM_END

    FOR             shift and go to state 483


state 439

    (39) pay_command -> KEYWORD_PAY INTEGER TICKETS FOR identifier_list ON DATE AT TIME FOR identifier_list . SYM_END
    (13) identifier_list -> identifier_list . - identifier_list

    SYM_END         shift and go to state 484
    -               shift and go to state 94


state 440

    (41) pay_command -> KEYWORD_PAY INTEGER TICKETS FOR identifier_list FROM identifier_list TO identifier_list ON DATE . AT TIME FOR identifier_list SYM_END

    AT              shift and go to state 485


state 441

    (43) pay_command -> KEYWORD_PAY INTEGER TICKETS FOR CONCERT identifier_list IN identifier_list ON DATE AT . TIME FOR identifier_list SYM_END

    TIME            shift and go to state 486


state 442

    (45) pay_command -> KEYWORD_PAY INTEGER TICKETS FOR CONCERT identifier_list AT identifier_list ON DATE AT . TIME FOR identifier_list SYM_END

    TIME            shift and go to state 487


state 443

    (47) pay_command -> KEYWORD_PAY INTEGER TICKETS FOR EVENT identifier_list AT identifier_list ON DATE AT . TIME FOR identifier_list SYM_END

    TIME            shift and go to state 488


state 444

    (49) pay_command -> KEYWORD_PAY INTEGER ACCOMMODATIONS FOR identifier_list IN identifier_list ON DATE TO DATE . AT TIME FOR identifier_list SYM_END

    AT              shift and go to state 489


state 445

    (48) pay_command -> KEYWORD_PAY ACCOMMODATION FOR identifier_list IN identifier_list ON DATE TO DATE AT . TIME FOR identifier_list SYM_END

    TIME            shift and go to state 490


state 446

    (50) cancel_command -> KEYWORD_CANCEL TICKET FOR identifier_list ON DATE AT TIME FOR identifier_list SYM_END .

    $end            reduce using rule 50 (cancel_command -> KEYWORD_CANCEL TICKET FOR identifier_list ON DATE AT TIME FOR identifier_list SYM_END .)


state 447

    (52) cancel_command -> KEYWORD_CANCEL TICKET FOR identifier_list FROM identifier_list TO identifier_list ON DATE AT . TIME FOR identifier_list SYM_END

    TIME            shift and go to state 491


state 448

    (54) cancel_command -> KEYWORD_CANCEL TICKET FOR CONCERT identifier_list IN identifier_list ON DATE AT TIME . FOR identifier_list SYM_END

    FOR             shift and go to state 492


state 449

    (56) cancel_command -> KEYWORD_CANCEL TICKET FOR CONCERT identifier_list AT identifier_list ON DATE AT TIME . FOR identifier_list SYM_END

    FOR             shift and go to state 493


state 450

    (58) cancel_command -> KEYWORD_CANCEL TICKET FOR EVENT identifier_list AT identifier_list ON DATE AT TIME . FOR identifier_list SYM_END

    FOR             shift and go to state 494


state 451

    (51) cancel_command -> KEYWORD_CANCEL INTEGER TICKETS FOR identifier_list ON DATE AT TIME FOR identifier_list . SYM_END
    (13) identifier_list -> identifier_list . - identifier_list

    SYM_END         shift and go to state 495
    -               shift and go to state 94


state 452

    (53) cancel_command -> KEYWORD_CANCEL INTEGER TICKETS FOR identifier_list FROM identifier_list TO identifier_list ON DATE . AT TIME FOR identifier_list SYM_END

    AT              shift and go to state 496


state 453

    (55) cancel_command -> KEYWORD_CANCEL INTEGER TICKETS FOR CONCERT identifier_list IN identifier_list ON DATE AT . TIME FOR identifier_list SYM_END

    TIME            shift and go to state 497


state 454

    (57) cancel_command -> KEYWORD_CANCEL INTEGER TICKETS FOR CONCERT identifier_list AT identifier_list ON DATE AT . TIME FOR identifier_list SYM_END

    TIME            shift and go to state 498


state 455

    (59) cancel_command -> KEYWORD_CANCEL INTEGER TICKETS FOR EVENT identifier_list AT identifier_list ON DATE AT . TIME FOR identifier_list SYM_END

    TIME            shift and go to state 499


state 456

    (61) cancel_command -> KEYWORD_CANCEL INTEGER ACCOMMODATIONS FOR identifier_list IN identifier_list ON DATE TO DATE . AT TIME FOR identifier_list SYM_END

    AT              shift and go to state 500


state 457

    (60) cancel_command -> KEYWORD_CANCEL ACCOMMODATION FOR identifier_list IN identifier_list ON DATE TO DATE AT . TIME FOR identifier_list SYM_END

    TIME            shift and go to state 501


state 458

    (16) book_command -> KEYWORD_BOOK TICKET FOR identifier_list FROM identifier_list TO identifier_list ON DATE AT TIME . FOR identifier_list SYM_END

    FOR             shift and go to state 502


state 459

    (18) book_command -> KEYWORD_BOOK TICKET FOR CONCERT identifier_list IN identifier_list ON DATE AT TIME FOR . identifier_list SYM_END
    (10) identifier_list -> . IDENTIFIER identifier_list
    (11) identifier_list -> . IDENTIFIER
    (12) identifier_list -> . STRING
    (13) identifier_list -> . identifier_list - identifier_list

    IDENTIFIER      shift and go to state 61
    STRING          shift and go to state 62

    identifier_list                shift and go to state 503

state 460

    (20) book_command -> KEYWORD_BOOK TICKET FOR CONCERT identifier_list AT identifier_list ON DATE AT TIME FOR . identifier_list SYM_END
    (10) identifier_list -> . IDENTIFIER identifier_list
    (11) identifier_list -> . IDENTIFIER
    (12) identifier_list -> . STRING
    (13) identifier_list -> . identifier_list - identifier_list

    IDENTIFIER      shift and go to state 61
    STRING          shift and go to state 62

    identifier_list                shift and go to state 504

state 461

    (22) book_command -> KEYWORD_BOOK TICKET FOR EVENT identifier_list AT identifier_list ON DATE AT TIME FOR . identifier_list SYM_END
    (10) identifier_list -> . IDENTIFIER identifier_list
    (11) identifier_list -> . IDENTIFIER
    (12) identifier_list -> . STRING
    (13) identifier_list -> . identifier_list - identifier_list

    IDENTIFIER      shift and go to state 61
    STRING          shift and go to state 62

    identifier_list                shift and go to state 505

state 462

    (15) book_command -> KEYWORD_BOOK INTEGER TICKETS FOR identifier_list ON DATE AT TIME FOR identifier_list SYM_END .

    $end            reduce using rule 15 (book_command -> KEYWORD_BOOK INTEGER TICKETS FOR identifier_list ON DATE AT TIME FOR identifier_list SYM_END .)


state 463

    (17) book_command -> KEYWORD_BOOK INTEGER TICKETS FOR identifier_list FROM identifier_list TO identifier_list ON DATE AT . TIME FOR identifier_list SYM_END

    TIME            shift and go to state 506


state 464

    (19) book_command -> KEYWORD_BOOK INTEGER TICKETS FOR CONCERT identifier_list IN identifier_list ON DATE AT TIME . FOR identifier_list SYM_END

    FOR             shift and go to state 507


state 465

    (21) book_command -> KEYWORD_BOOK INTEGER TICKETS FOR CONCERT identifier_list AT identifier_list ON DATE AT TIME . FOR identifier_list SYM_END

    FOR             shift and go to state 508


state 466

    (23) book_command -> KEYWORD_BOOK INTEGER TICKETS FOR EVENT identifier_list AT identifier_list ON DATE AT TIME . FOR identifier_list SYM_END

    FOR             shift and go to state 509


state 467

    (25) book_command -> KEYWORD_BOOK INTEGER ACCOMMODATIONS FOR identifier_list IN identifier_list ON DATE TO DATE AT . TIME FOR identifier_list SYM_END

    TIME            shift and go to state 510


state 468

    (24) book_command -> KEYWORD_BOOK ACCOMMODATION FOR identifier_list IN identifier_list ON DATE TO DATE AT TIME . FOR identifier_list SYM_END

    FOR             shift and go to state 511


state 469

    (28) confirm_command -> KEYWORD_CONFIRM TICKET FOR identifier_list FROM identifier_list TO identifier_list ON DATE AT TIME . FOR identifier_list SYM_END

    FOR             shift and go to state 512


state 470

    (30) confirm_command -> KEYWORD_CONFIRM TICKET FOR CONCERT identifier_list IN identifier_list ON DATE AT TIME FOR . identifier_list SYM_END
    (10) identifier_list -> . IDENTIFIER identifier_list
    (11) identifier_list -> . IDENTIFIER
    (12) identifier_list -> . STRING
    (13) identifier_list -> . identifier_list - identifier_list

    IDENTIFIER      shift and go to state 61
    STRING          shift and go to state 62

    identifier_list                shift and go to state 513

state 471

    (32) confirm_command -> KEYWORD_CONFIRM TICKET FOR CONCERT identifier_list AT identifier_list ON DATE AT TIME FOR . identifier_list SYM_END
    (10) identifier_list -> . IDENTIFIER identifier_list
    (11) identifier_list -> . IDENTIFIER
    (12) identifier_list -> . STRING
    (13) identifier_list -> . identifier_list - identifier_list

    IDENTIFIER      shift and go to state 61
    STRING          shift and go to state 62

    identifier_list                shift and go to state 514

state 472

    (34) confirm_command -> KEYWORD_CONFIRM TICKET FOR EVENT identifier_list AT identifier_list ON DATE AT TIME FOR . identifier_list SYM_END
    (10) identifier_list -> . IDENTIFIER identifier_list
    (11) identifier_list -> . IDENTIFIER
    (12) identifier_list -> . STRING
    (13) identifier_list -> . identifier_list - identifier_list

    IDENTIFIER      shift and go to state 61
    STRING          shift and go to state 62

    identifier_list                shift and go to state 515

state 473

    (27) confirm_command -> KEYWORD_CONFIRM INTEGER TICKETS FOR identifier_list ON DATE AT TIME FOR identifier_list SYM_END .

    $end            reduce using rule 27 (confirm_command -> KEYWORD_CONFIRM INTEGER TICKETS FOR identifier_list ON DATE AT TIME FOR identifier_list SYM_END .)


state 474

    (29) confirm_command -> KEYWORD_CONFIRM INTEGER TICKETS FOR identifier_list FROM identifier_list TO identifier_list ON DATE AT . TIME FOR identifier_list SYM_END

    TIME            shift and go to state 516


state 475

    (31) confirm_command -> KEYWORD_CONFIRM INTEGER TICKETS FOR CONCERT identifier_list IN identifier_list ON DATE AT TIME . FOR identifier_list SYM_END

    FOR             shift and go to state 517


state 476

    (33) confirm_command -> KEYWORD_CONFIRM INTEGER TICKETS FOR CONCERT identifier_list AT identifier_list ON DATE AT TIME . FOR identifier_list SYM_END

    FOR             shift and go to state 518


state 477

    (35) confirm_command -> KEYWORD_CONFIRM INTEGER TICKETS FOR EVENT identifier_list AT identifier_list ON DATE AT TIME . FOR identifier_list SYM_END

    FOR             shift and go to state 519


state 478

    (37) confirm_command -> KEYWORD_CONFIRM INTEGER ACCOMMODATION FOR identifier_list IN identifier_list ON DATE TO DATE AT . TIME FOR identifier_list SYM_END

    TIME            shift and go to state 520


state 479

    (36) confirm_command -> KEYWORD_CONFIRM ACCOMMODATION FOR identifier_list IN identifier_list ON DATE TO DATE AT TIME . FOR identifier_list SYM_END

    FOR             shift and go to state 521


state 480

    (40) pay_command -> KEYWORD_PAY TICKET FOR identifier_list FROM identifier_list TO identifier_list ON DATE AT TIME . FOR identifier_list SYM_END

    FOR             shift and go to state 522


state 481

    (42) pay_command -> KEYWORD_PAY TICKET FOR CONCERT identifier_list IN identifier_list ON DATE AT TIME FOR . identifier_list SYM_END
    (10) identifier_list -> . IDENTIFIER identifier_list
    (11) identifier_list -> . IDENTIFIER
    (12) identifier_list -> . STRING
    (13) identifier_list -> . identifier_list - identifier_list

    IDENTIFIER      shift and go to state 61
    STRING          shift and go to state 62

    identifier_list                shift and go to state 523

state 482

    (44) pay_command -> KEYWORD_PAY TICKET FOR CONCERT identifier_list AT identifier_list ON DATE AT TIME FOR . identifier_list SYM_END
    (10) identifier_list -> . IDENTIFIER identifier_list
    (11) identifier_list -> . IDENTIFIER
    (12) identifier_list -> . STRING
    (13) identifier_list -> . identifier_list - identifier_list

    IDENTIFIER      shift and go to state 61
    STRING          shift and go to state 62

    identifier_list                shift and go to state 524

state 483

    (46) pay_command -> KEYWORD_PAY TICKET FOR EVENT identifier_list AT identifier_list ON DATE AT TIME FOR . identifier_list SYM_END
    (10) identifier_list -> . IDENTIFIER identifier_list
    (11) identifier_list -> . IDENTIFIER
    (12) identifier_list -> . STRING
    (13) identifier_list -> . identifier_list - identifier_list

    IDENTIFIER      shift and go to state 61
    STRING          shift and go to state 62

    identifier_list                shift and go to state 525

state 484

    (39) pay_command -> KEYWORD_PAY INTEGER TICKETS FOR identifier_list ON DATE AT TIME FOR identifier_list SYM_END .

    $end            reduce using rule 39 (pay_command -> KEYWORD_PAY INTEGER TICKETS FOR identifier_list ON DATE AT TIME FOR identifier_list SYM_END .)


state 485

    (41) pay_command -> KEYWORD_PAY INTEGER TICKETS FOR identifier_list FROM identifier_list TO identifier_list ON DATE AT . TIME FOR identifier_list SYM_END

    TIME            shift and go to state 526


state 486

    (43) pay_command -> KEYWORD_PAY INTEGER TICKETS FOR CONCERT identifier_list IN identifier_list ON DATE AT TIME . FOR identifier_list SYM_END

    FOR             shift and go to state 527


state 487

    (45) pay_command -> KEYWORD_PAY INTEGER TICKETS FOR CONCERT identifier_list AT identifier_list ON DATE AT TIME . FOR identifier_list SYM_END

    FOR             shift and go to state 528


state 488

    (47) pay_command -> KEYWORD_PAY INTEGER TICKETS FOR EVENT identifier_list AT identifier_list ON DATE AT TIME . FOR identifier_list SYM_END

    FOR             shift and go to state 529


state 489

    (49) pay_command -> KEYWORD_PAY INTEGER ACCOMMODATIONS FOR identifier_list IN identifier_list ON DATE TO DATE AT . TIME FOR identifier_list SYM_END

    TIME            shift and go to state 530


state 490

    (48) pay_command -> KEYWORD_PAY ACCOMMODATION FOR identifier_list IN identifier_list ON DATE TO DATE AT TIME . FOR identifier_list SYM_END

    FOR             shift and go to state 531


state 491

    (52) cancel_command -> KEYWORD_CANCEL TICKET FOR identifier_list FROM identifier_list TO identifier_list ON DATE AT TIME . FOR identifier_list SYM_END

    FOR             shift and go to state 532


state 492

    (54) cancel_command -> KEYWORD_CANCEL TICKET FOR CONCERT identifier_list IN identifier_list ON DATE AT TIME FOR . identifier_list SYM_END
    (10) identifier_list -> . IDENTIFIER identifier_list
    (11) identifier_list -> . IDENTIFIER
    (12) identifier_list -> . STRING
    (13) identifier_list -> . identifier_list - identifier_list

    IDENTIFIER      shift and go to state 61
    STRING          shift and go to state 62

    identifier_list                shift and go to state 533

state 493

    (56) cancel_command -> KEYWORD_CANCEL TICKET FOR CONCERT identifier_list AT identifier_list ON DATE AT TIME FOR . identifier_list SYM_END
    (10) identifier_list -> . IDENTIFIER identifier_list
    (11) identifier_list -> . IDENTIFIER
    (12) identifier_list -> . STRING
    (13) identifier_list -> . identifier_list - identifier_list

    IDENTIFIER      shift and go to state 61
    STRING          shift and go to state 62

    identifier_list                shift and go to state 534

state 494

    (58) cancel_command -> KEYWORD_CANCEL TICKET FOR EVENT identifier_list AT identifier_list ON DATE AT TIME FOR . identifier_list SYM_END
    (10) identifier_list -> . IDENTIFIER identifier_list
    (11) identifier_list -> . IDENTIFIER
    (12) identifier_list -> . STRING
    (13) identifier_list -> . identifier_list - identifier_list

    IDENTIFIER      shift and go to state 61
    STRING          shift and go to state 62

    identifier_list                shift and go to state 535

state 495

    (51) cancel_command -> KEYWORD_CANCEL INTEGER TICKETS FOR identifier_list ON DATE AT TIME FOR identifier_list SYM_END .

    $end            reduce using rule 51 (cancel_command -> KEYWORD_CANCEL INTEGER TICKETS FOR identifier_list ON DATE AT TIME FOR identifier_list SYM_END .)


state 496

    (53) cancel_command -> KEYWORD_CANCEL INTEGER TICKETS FOR identifier_list FROM identifier_list TO identifier_list ON DATE AT . TIME FOR identifier_list SYM_END

    TIME            shift and go to state 536


state 497

    (55) cancel_command -> KEYWORD_CANCEL INTEGER TICKETS FOR CONCERT identifier_list IN identifier_list ON DATE AT TIME . FOR identifier_list SYM_END

    FOR             shift and go to state 537


state 498

    (57) cancel_command -> KEYWORD_CANCEL INTEGER TICKETS FOR CONCERT identifier_list AT identifier_list ON DATE AT TIME . FOR identifier_list SYM_END

    FOR             shift and go to state 538


state 499

    (59) cancel_command -> KEYWORD_CANCEL INTEGER TICKETS FOR EVENT identifier_list AT identifier_list ON DATE AT TIME . FOR identifier_list SYM_END

    FOR             shift and go to state 539


state 500

    (61) cancel_command -> KEYWORD_CANCEL INTEGER ACCOMMODATIONS FOR identifier_list IN identifier_list ON DATE TO DATE AT . TIME FOR identifier_list SYM_END

    TIME            shift and go to state 540


state 501

    (60) cancel_command -> KEYWORD_CANCEL ACCOMMODATION FOR identifier_list IN identifier_list ON DATE TO DATE AT TIME . FOR identifier_list SYM_END

    FOR             shift and go to state 541


state 502

    (16) book_command -> KEYWORD_BOOK TICKET FOR identifier_list FROM identifier_list TO identifier_list ON DATE AT TIME FOR . identifier_list SYM_END
    (10) identifier_list -> . IDENTIFIER identifier_list
    (11) identifier_list -> . IDENTIFIER
    (12) identifier_list -> . STRING
    (13) identifier_list -> . identifier_list - identifier_list

    IDENTIFIER      shift and go to state 61
    STRING          shift and go to state 62

    identifier_list                shift and go to state 542

state 503

    (18) book_command -> KEYWORD_BOOK TICKET FOR CONCERT identifier_list IN identifier_list ON DATE AT TIME FOR identifier_list . SYM_END
    (13) identifier_list -> identifier_list . - identifier_list

    SYM_END         shift and go to state 543
    -               shift and go to state 94


state 504

    (20) book_command -> KEYWORD_BOOK TICKET FOR CONCERT identifier_list AT identifier_list ON DATE AT TIME FOR identifier_list . SYM_END
    (13) identifier_list -> identifier_list . - identifier_list

    SYM_END         shift and go to state 544
    -               shift and go to state 94


state 505

    (22) book_command -> KEYWORD_BOOK TICKET FOR EVENT identifier_list AT identifier_list ON DATE AT TIME FOR identifier_list . SYM_END
    (13) identifier_list -> identifier_list . - identifier_list

    SYM_END         shift and go to state 545
    -               shift and go to state 94


state 506

    (17) book_command -> KEYWORD_BOOK INTEGER TICKETS FOR identifier_list FROM identifier_list TO identifier_list ON DATE AT TIME . FOR identifier_list SYM_END

    FOR             shift and go to state 546


state 507

    (19) book_command -> KEYWORD_BOOK INTEGER TICKETS FOR CONCERT identifier_list IN identifier_list ON DATE AT TIME FOR . identifier_list SYM_END
    (10) identifier_list -> . IDENTIFIER identifier_list
    (11) identifier_list -> . IDENTIFIER
    (12) identifier_list -> . STRING
    (13) identifier_list -> . identifier_list - identifier_list

    IDENTIFIER      shift and go to state 61
    STRING          shift and go to state 62

    identifier_list                shift and go to state 547

state 508

    (21) book_command -> KEYWORD_BOOK INTEGER TICKETS FOR CONCERT identifier_list AT identifier_list ON DATE AT TIME FOR . identifier_list SYM_END
    (10) identifier_list -> . IDENTIFIER identifier_list
    (11) identifier_list -> . IDENTIFIER
    (12) identifier_list -> . STRING
    (13) identifier_list -> . identifier_list - identifier_list

    IDENTIFIER      shift and go to state 61
    STRING          shift and go to state 62

    identifier_list                shift and go to state 548

state 509

    (23) book_command -> KEYWORD_BOOK INTEGER TICKETS FOR EVENT identifier_list AT identifier_list ON DATE AT TIME FOR . identifier_list SYM_END
    (10) identifier_list -> . IDENTIFIER identifier_list
    (11) identifier_list -> . IDENTIFIER
    (12) identifier_list -> . STRING
    (13) identifier_list -> . identifier_list - identifier_list

    IDENTIFIER      shift and go to state 61
    STRING          shift and go to state 62

    identifier_list                shift and go to state 549

state 510

    (25) book_command -> KEYWORD_BOOK INTEGER ACCOMMODATIONS FOR identifier_list IN identifier_list ON DATE TO DATE AT TIME . FOR identifier_list SYM_END

    FOR             shift and go to state 550


state 511

    (24) book_command -> KEYWORD_BOOK ACCOMMODATION FOR identifier_list IN identifier_list ON DATE TO DATE AT TIME FOR . identifier_list SYM_END
    (10) identifier_list -> . IDENTIFIER identifier_list
    (11) identifier_list -> . IDENTIFIER
    (12) identifier_list -> . STRING
    (13) identifier_list -> . identifier_list - identifier_list

    IDENTIFIER      shift and go to state 61
    STRING          shift and go to state 62

    identifier_list                shift and go to state 551

state 512

    (28) confirm_command -> KEYWORD_CONFIRM TICKET FOR identifier_list FROM identifier_list TO identifier_list ON DATE AT TIME FOR . identifier_list SYM_END
    (10) identifier_list -> . IDENTIFIER identifier_list
    (11) identifier_list -> . IDENTIFIER
    (12) identifier_list -> . STRING
    (13) identifier_list -> . identifier_list - identifier_list

    IDENTIFIER      shift and go to state 61
    STRING          shift and go to state 62

    identifier_list                shift and go to state 552

state 513

    (30) confirm_command -> KEYWORD_CONFIRM TICKET FOR CONCERT identifier_list IN identifier_list ON DATE AT TIME FOR identifier_list . SYM_END
    (13) identifier_list -> identifier_list . - identifier_list

    SYM_END         shift and go to state 553
    -               shift and go to state 94


state 514

    (32) confirm_command -> KEYWORD_CONFIRM TICKET FOR CONCERT identifier_list AT identifier_list ON DATE AT TIME FOR identifier_list . SYM_END
    (13) identifier_list -> identifier_list . - identifier_list

    SYM_END         shift and go to state 554
    -               shift and go to state 94


state 515

    (34) confirm_command -> KEYWORD_CONFIRM TICKET FOR EVENT identifier_list AT identifier_list ON DATE AT TIME FOR identifier_list . SYM_END
    (13) identifier_list -> identifier_list . - identifier_list

    SYM_END         shift and go to state 555
    -               shift and go to state 94


state 516

    (29) confirm_command -> KEYWORD_CONFIRM INTEGER TICKETS FOR identifier_list FROM identifier_list TO identifier_list ON DATE AT TIME . FOR identifier_list SYM_END

    FOR             shift and go to state 556


state 517

    (31) confirm_command -> KEYWORD_CONFIRM INTEGER TICKETS FOR CONCERT identifier_list IN identifier_list ON DATE AT TIME FOR . identifier_list SYM_END
    (10) identifier_list -> . IDENTIFIER identifier_list
    (11) identifier_list -> . IDENTIFIER
    (12) identifier_list -> . STRING
    (13) identifier_list -> . identifier_list - identifier_list

    IDENTIFIER      shift and go to state 61
    STRING          shift and go to state 62

    identifier_list                shift and go to state 557

state 518

    (33) confirm_command -> KEYWORD_CONFIRM INTEGER TICKETS FOR CONCERT identifier_list AT identifier_list ON DATE AT TIME FOR . identifier_list SYM_END
    (10) identifier_list -> . IDENTIFIER identifier_list
    (11) identifier_list -> . IDENTIFIER
    (12) identifier_list -> . STRING
    (13) identifier_list -> . identifier_list - identifier_list

    IDENTIFIER      shift and go to state 61
    STRING          shift and go to state 62

    identifier_list                shift and go to state 558

state 519

    (35) confirm_command -> KEYWORD_CONFIRM INTEGER TICKETS FOR EVENT identifier_list AT identifier_list ON DATE AT TIME FOR . identifier_list SYM_END
    (10) identifier_list -> . IDENTIFIER identifier_list
    (11) identifier_list -> . IDENTIFIER
    (12) identifier_list -> . STRING
    (13) identifier_list -> . identifier_list - identifier_list

    IDENTIFIER      shift and go to state 61
    STRING          shift and go to state 62

    identifier_list                shift and go to state 559

state 520

    (37) confirm_command -> KEYWORD_CONFIRM INTEGER ACCOMMODATION FOR identifier_list IN identifier_list ON DATE TO DATE AT TIME . FOR identifier_list SYM_END

    FOR             shift and go to state 560


state 521

    (36) confirm_command -> KEYWORD_CONFIRM ACCOMMODATION FOR identifier_list IN identifier_list ON DATE TO DATE AT TIME FOR . identifier_list SYM_END
    (10) identifier_list -> . IDENTIFIER identifier_list
    (11) identifier_list -> . IDENTIFIER
    (12) identifier_list -> . STRING
    (13) identifier_list -> . identifier_list - identifier_list

    IDENTIFIER      shift and go to state 61
    STRING          shift and go to state 62

    identifier_list                shift and go to state 561

state 522

    (40) pay_command -> KEYWORD_PAY TICKET FOR identifier_list FROM identifier_list TO identifier_list ON DATE AT TIME FOR . identifier_list SYM_END
    (10) identifier_list -> . IDENTIFIER identifier_list
    (11) identifier_list -> . IDENTIFIER
    (12) identifier_list -> . STRING
    (13) identifier_list -> . identifier_list - identifier_list

    IDENTIFIER      shift and go to state 61
    STRING          shift and go to state 62

    identifier_list                shift and go to state 562

state 523

    (42) pay_command -> KEYWORD_PAY TICKET FOR CONCERT identifier_list IN identifier_list ON DATE AT TIME FOR identifier_list . SYM_END
    (13) identifier_list -> identifier_list . - identifier_list

    SYM_END         shift and go to state 563
    -               shift and go to state 94


state 524

    (44) pay_command -> KEYWORD_PAY TICKET FOR CONCERT identifier_list AT identifier_list ON DATE AT TIME FOR identifier_list . SYM_END
    (13) identifier_list -> identifier_list . - identifier_list

    SYM_END         shift and go to state 564
    -               shift and go to state 94


state 525

    (46) pay_command -> KEYWORD_PAY TICKET FOR EVENT identifier_list AT identifier_list ON DATE AT TIME FOR identifier_list . SYM_END
    (13) identifier_list -> identifier_list . - identifier_list

    SYM_END         shift and go to state 565
    -               shift and go to state 94


state 526

    (41) pay_command -> KEYWORD_PAY INTEGER TICKETS FOR identifier_list FROM identifier_list TO identifier_list ON DATE AT TIME . FOR identifier_list SYM_END

    FOR             shift and go to state 566


state 527

    (43) pay_command -> KEYWORD_PAY INTEGER TICKETS FOR CONCERT identifier_list IN identifier_list ON DATE AT TIME FOR . identifier_list SYM_END
    (10) identifier_list -> . IDENTIFIER identifier_list
    (11) identifier_list -> . IDENTIFIER
    (12) identifier_list -> . STRING
    (13) identifier_list -> . identifier_list - identifier_list

    IDENTIFIER      shift and go to state 61
    STRING          shift and go to state 62

    identifier_list                shift and go to state 567

state 528

    (45) pay_command -> KEYWORD_PAY INTEGER TICKETS FOR CONCERT identifier_list AT identifier_list ON DATE AT TIME FOR . identifier_list SYM_END
    (10) identifier_list -> . IDENTIFIER identifier_list
    (11) identifier_list -> . IDENTIFIER
    (12) identifier_list -> . STRING
    (13) identifier_list -> . identifier_list - identifier_list

    IDENTIFIER      shift and go to state 61
    STRING          shift and go to state 62

    identifier_list                shift and go to state 568

state 529

    (47) pay_command -> KEYWORD_PAY INTEGER TICKETS FOR EVENT identifier_list AT identifier_list ON DATE AT TIME FOR . identifier_list SYM_END
    (10) identifier_list -> . IDENTIFIER identifier_list
    (11) identifier_list -> . IDENTIFIER
    (12) identifier_list -> . STRING
    (13) identifier_list -> . identifier_list - identifier_list

    IDENTIFIER      shift and go to state 61
    STRING          shift and go to state 62

    identifier_list                shift and go to state 569

state 530

    (49) pay_command -> KEYWORD_PAY INTEGER ACCOMMODATIONS FOR identifier_list IN identifier_list ON DATE TO DATE AT TIME . FOR identifier_list SYM_END

    FOR             shift and go to state 570


state 531

    (48) pay_command -> KEYWORD_PAY ACCOMMODATION FOR identifier_list IN identifier_list ON DATE TO DATE AT TIME FOR . identifier_list SYM_END
    (10) identifier_list -> . IDENTIFIER identifier_list
    (11) identifier_list -> . IDENTIFIER
    (12) identifier_list -> . STRING
    (13) identifier_list -> . identifier_list - identifier_list

    IDENTIFIER      shift and go to state 61
    STRING          shift and go to state 62

    identifier_list                shift and go to state 571

state 532

    (52) cancel_command -> KEYWORD_CANCEL TICKET FOR identifier_list FROM identifier_list TO identifier_list ON DATE AT TIME FOR . identifier_list SYM_END
    (10) identifier_list -> . IDENTIFIER identifier_list
    (11) identifier_list -> . IDENTIFIER
    (12) identifier_list -> . STRING
    (13) identifier_list -> . identifier_list - identifier_list

    IDENTIFIER      shift and go to state 61
    STRING          shift and go to state 62

    identifier_list                shift and go to state 572

state 533

    (54) cancel_command -> KEYWORD_CANCEL TICKET FOR CONCERT identifier_list IN identifier_list ON DATE AT TIME FOR identifier_list . SYM_END
    (13) identifier_list -> identifier_list . - identifier_list

    SYM_END         shift and go to state 573
    -               shift and go to state 94


state 534

    (56) cancel_command -> KEYWORD_CANCEL TICKET FOR CONCERT identifier_list AT identifier_list ON DATE AT TIME FOR identifier_list . SYM_END
    (13) identifier_list -> identifier_list . - identifier_list

    SYM_END         shift and go to state 574
    -               shift and go to state 94


state 535

    (58) cancel_command -> KEYWORD_CANCEL TICKET FOR EVENT identifier_list AT identifier_list ON DATE AT TIME FOR identifier_list . SYM_END
    (13) identifier_list -> identifier_list . - identifier_list

    SYM_END         shift and go to state 575
    -               shift and go to state 94


state 536

    (53) cancel_command -> KEYWORD_CANCEL INTEGER TICKETS FOR identifier_list FROM identifier_list TO identifier_list ON DATE AT TIME . FOR identifier_list SYM_END

    FOR             shift and go to state 576


state 537

    (55) cancel_command -> KEYWORD_CANCEL INTEGER TICKETS FOR CONCERT identifier_list IN identifier_list ON DATE AT TIME FOR . identifier_list SYM_END
    (10) identifier_list -> . IDENTIFIER identifier_list
    (11) identifier_list -> . IDENTIFIER
    (12) identifier_list -> . STRING
    (13) identifier_list -> . identifier_list - identifier_list

    IDENTIFIER      shift and go to state 61
    STRING          shift and go to state 62

    identifier_list                shift and go to state 577

state 538

    (57) cancel_command -> KEYWORD_CANCEL INTEGER TICKETS FOR CONCERT identifier_list AT identifier_list ON DATE AT TIME FOR . identifier_list SYM_END
    (10) identifier_list -> . IDENTIFIER identifier_list
    (11) identifier_list -> . IDENTIFIER
    (12) identifier_list -> . STRING
    (13) identifier_list -> . identifier_list - identifier_list

    IDENTIFIER      shift and go to state 61
    STRING          shift and go to state 62

    identifier_list                shift and go to state 578

state 539

    (59) cancel_command -> KEYWORD_CANCEL INTEGER TICKETS FOR EVENT identifier_list AT identifier_list ON DATE AT TIME FOR . identifier_list SYM_END
    (10) identifier_list -> . IDENTIFIER identifier_list
    (11) identifier_list -> . IDENTIFIER
    (12) identifier_list -> . STRING
    (13) identifier_list -> . identifier_list - identifier_list

    IDENTIFIER      shift and go to state 61
    STRING          shift and go to state 62

    identifier_list                shift and go to state 579

state 540

    (61) cancel_command -> KEYWORD_CANCEL INTEGER ACCOMMODATIONS FOR identifier_list IN identifier_list ON DATE TO DATE AT TIME . FOR identifier_list SYM_END

    FOR             shift and go to state 580


state 541

    (60) cancel_command -> KEYWORD_CANCEL ACCOMMODATION FOR identifier_list IN identifier_list ON DATE TO DATE AT TIME FOR . identifier_list SYM_END
    (10) identifier_list -> . IDENTIFIER identifier_list
    (11) identifier_list -> . IDENTIFIER
    (12) identifier_list -> . STRING
    (13) identifier_list -> . identifier_list - identifier_list

    IDENTIFIER      shift and go to state 61
    STRING          shift and go to state 62

    identifier_list                shift and go to state 581

state 542

    (16) book_command -> KEYWORD_BOOK TICKET FOR identifier_list FROM identifier_list TO identifier_list ON DATE AT TIME FOR identifier_list . SYM_END
    (13) identifier_list -> identifier_list . - identifier_list

    SYM_END         shift and go to state 582
    -               shift and go to state 94


state 543

    (18) book_command -> KEYWORD_BOOK TICKET FOR CONCERT identifier_list IN identifier_list ON DATE AT TIME FOR identifier_list SYM_END .

    $end            reduce using rule 18 (book_command -> KEYWORD_BOOK TICKET FOR CONCERT identifier_list IN identifier_list ON DATE AT TIME FOR identifier_list SYM_END .)


state 544

    (20) book_command -> KEYWORD_BOOK TICKET FOR CONCERT identifier_list AT identifier_list ON DATE AT TIME FOR identifier_list SYM_END .

    $end            reduce using rule 20 (book_command -> KEYWORD_BOOK TICKET FOR CONCERT identifier_list AT identifier_list ON DATE AT TIME FOR identifier_list SYM_END .)


state 545

    (22) book_command -> KEYWORD_BOOK TICKET FOR EVENT identifier_list AT identifier_list ON DATE AT TIME FOR identifier_list SYM_END .

    $end            reduce using rule 22 (book_command -> KEYWORD_BOOK TICKET FOR EVENT identifier_list AT identifier_list ON DATE AT TIME FOR identifier_list SYM_END .)


state 546

    (17) book_command -> KEYWORD_BOOK INTEGER TICKETS FOR identifier_list FROM identifier_list TO identifier_list ON DATE AT TIME FOR . identifier_list SYM_END
    (10) identifier_list -> . IDENTIFIER identifier_list
    (11) identifier_list -> . IDENTIFIER
    (12) identifier_list -> . STRING
    (13) identifier_list -> . identifier_list - identifier_list

    IDENTIFIER      shift and go to state 61
    STRING          shift and go to state 62

    identifier_list                shift and go to state 583

state 547

    (19) book_command -> KEYWORD_BOOK INTEGER TICKETS FOR CONCERT identifier_list IN identifier_list ON DATE AT TIME FOR identifier_list . SYM_END
    (13) identifier_list -> identifier_list . - identifier_list

    SYM_END         shift and go to state 584
    -               shift and go to state 94


state 548

    (21) book_command -> KEYWORD_BOOK INTEGER TICKETS FOR CONCERT identifier_list AT identifier_list ON DATE AT TIME FOR identifier_list . SYM_END
    (13) identifier_list -> identifier_list . - identifier_list

    SYM_END         shift and go to state 585
    -               shift and go to state 94


state 549

    (23) book_command -> KEYWORD_BOOK INTEGER TICKETS FOR EVENT identifier_list AT identifier_list ON DATE AT TIME FOR identifier_list . SYM_END
    (13) identifier_list -> identifier_list . - identifier_list

    SYM_END         shift and go to state 586
    -               shift and go to state 94


state 550

    (25) book_command -> KEYWORD_BOOK INTEGER ACCOMMODATIONS FOR identifier_list IN identifier_list ON DATE TO DATE AT TIME FOR . identifier_list SYM_END
    (10) identifier_list -> . IDENTIFIER identifier_list
    (11) identifier_list -> . IDENTIFIER
    (12) identifier_list -> . STRING
    (13) identifier_list -> . identifier_list - identifier_list

    IDENTIFIER      shift and go to state 61
    STRING          shift and go to state 62

    identifier_list                shift and go to state 587

state 551

    (24) book_command -> KEYWORD_BOOK ACCOMMODATION FOR identifier_list IN identifier_list ON DATE TO DATE AT TIME FOR identifier_list . SYM_END
    (13) identifier_list -> identifier_list . - identifier_list

    SYM_END         shift and go to state 588
    -               shift and go to state 94


state 552

    (28) confirm_command -> KEYWORD_CONFIRM TICKET FOR identifier_list FROM identifier_list TO identifier_list ON DATE AT TIME FOR identifier_list . SYM_END
    (13) identifier_list -> identifier_list . - identifier_list

    SYM_END         shift and go to state 589
    -               shift and go to state 94


state 553

    (30) confirm_command -> KEYWORD_CONFIRM TICKET FOR CONCERT identifier_list IN identifier_list ON DATE AT TIME FOR identifier_list SYM_END .

    $end            reduce using rule 30 (confirm_command -> KEYWORD_CONFIRM TICKET FOR CONCERT identifier_list IN identifier_list ON DATE AT TIME FOR identifier_list SYM_END .)


state 554

    (32) confirm_command -> KEYWORD_CONFIRM TICKET FOR CONCERT identifier_list AT identifier_list ON DATE AT TIME FOR identifier_list SYM_END .

    $end            reduce using rule 32 (confirm_command -> KEYWORD_CONFIRM TICKET FOR CONCERT identifier_list AT identifier_list ON DATE AT TIME FOR identifier_list SYM_END .)


state 555

    (34) confirm_command -> KEYWORD_CONFIRM TICKET FOR EVENT identifier_list AT identifier_list ON DATE AT TIME FOR identifier_list SYM_END .

    $end            reduce using rule 34 (confirm_command -> KEYWORD_CONFIRM TICKET FOR EVENT identifier_list AT identifier_list ON DATE AT TIME FOR identifier_list SYM_END .)


state 556

    (29) confirm_command -> KEYWORD_CONFIRM INTEGER TICKETS FOR identifier_list FROM identifier_list TO identifier_list ON DATE AT TIME FOR . identifier_list SYM_END
    (10) identifier_list -> . IDENTIFIER identifier_list
    (11) identifier_list -> . IDENTIFIER
    (12) identifier_list -> . STRING
    (13) identifier_list -> . identifier_list - identifier_list

    IDENTIFIER      shift and go to state 61
    STRING          shift and go to state 62

    identifier_list                shift and go to state 590

state 557

    (31) confirm_command -> KEYWORD_CONFIRM INTEGER TICKETS FOR CONCERT identifier_list IN identifier_list ON DATE AT TIME FOR identifier_list . SYM_END
    (13) identifier_list -> identifier_list . - identifier_list

    SYM_END         shift and go to state 591
    -               shift and go to state 94


state 558

    (33) confirm_command -> KEYWORD_CONFIRM INTEGER TICKETS FOR CONCERT identifier_list AT identifier_list ON DATE AT TIME FOR identifier_list . SYM_END
    (13) identifier_list -> identifier_list . - identifier_list

    SYM_END         shift and go to state 592
    -               shift and go to state 94


state 559

    (35) confirm_command -> KEYWORD_CONFIRM INTEGER TICKETS FOR EVENT identifier_list AT identifier_list ON DATE AT TIME FOR identifier_list . SYM_END
    (13) identifier_list -> identifier_list . - identifier_list

    SYM_END         shift and go to state 593
    -               shift and go to state 94


state 560

    (37) confirm_command -> KEYWORD_CONFIRM INTEGER ACCOMMODATION FOR identifier_list IN identifier_list ON DATE TO DATE AT TIME FOR . identifier_list SYM_END
    (10) identifier_list -> . IDENTIFIER identifier_list
    (11) identifier_list -> . IDENTIFIER
    (12) identifier_list -> . STRING
    (13) identifier_list -> . identifier_list - identifier_list

    IDENTIFIER      shift and go to state 61
    STRING          shift and go to state 62

    identifier_list                shift and go to state 594

state 561

    (36) confirm_command -> KEYWORD_CONFIRM ACCOMMODATION FOR identifier_list IN identifier_list ON DATE TO DATE AT TIME FOR identifier_list . SYM_END
    (13) identifier_list -> identifier_list . - identifier_list

    SYM_END         shift and go to state 595
    -               shift and go to state 94


state 562

    (40) pay_command -> KEYWORD_PAY TICKET FOR identifier_list FROM identifier_list TO identifier_list ON DATE AT TIME FOR identifier_list . SYM_END
    (13) identifier_list -> identifier_list . - identifier_list

    SYM_END         shift and go to state 596
    -               shift and go to state 94


state 563

    (42) pay_command -> KEYWORD_PAY TICKET FOR CONCERT identifier_list IN identifier_list ON DATE AT TIME FOR identifier_list SYM_END .

    $end            reduce using rule 42 (pay_command -> KEYWORD_PAY TICKET FOR CONCERT identifier_list IN identifier_list ON DATE AT TIME FOR identifier_list SYM_END .)


state 564

    (44) pay_command -> KEYWORD_PAY TICKET FOR CONCERT identifier_list AT identifier_list ON DATE AT TIME FOR identifier_list SYM_END .

    $end            reduce using rule 44 (pay_command -> KEYWORD_PAY TICKET FOR CONCERT identifier_list AT identifier_list ON DATE AT TIME FOR identifier_list SYM_END .)


state 565

    (46) pay_command -> KEYWORD_PAY TICKET FOR EVENT identifier_list AT identifier_list ON DATE AT TIME FOR identifier_list SYM_END .

    $end            reduce using rule 46 (pay_command -> KEYWORD_PAY TICKET FOR EVENT identifier_list AT identifier_list ON DATE AT TIME FOR identifier_list SYM_END .)


state 566

    (41) pay_command -> KEYWORD_PAY INTEGER TICKETS FOR identifier_list FROM identifier_list TO identifier_list ON DATE AT TIME FOR . identifier_list SYM_END
    (10) identifier_list -> . IDENTIFIER identifier_list
    (11) identifier_list -> . IDENTIFIER
    (12) identifier_list -> . STRING
    (13) identifier_list -> . identifier_list - identifier_list

    IDENTIFIER      shift and go to state 61
    STRING          shift and go to state 62

    identifier_list                shift and go to state 597

state 567

    (43) pay_command -> KEYWORD_PAY INTEGER TICKETS FOR CONCERT identifier_list IN identifier_list ON DATE AT TIME FOR identifier_list . SYM_END
    (13) identifier_list -> identifier_list . - identifier_list

    SYM_END         shift and go to state 598
    -               shift and go to state 94


state 568

    (45) pay_command -> KEYWORD_PAY INTEGER TICKETS FOR CONCERT identifier_list AT identifier_list ON DATE AT TIME FOR identifier_list . SYM_END
    (13) identifier_list -> identifier_list . - identifier_list

    SYM_END         shift and go to state 599
    -               shift and go to state 94


state 569

    (47) pay_command -> KEYWORD_PAY INTEGER TICKETS FOR EVENT identifier_list AT identifier_list ON DATE AT TIME FOR identifier_list . SYM_END
    (13) identifier_list -> identifier_list . - identifier_list

    SYM_END         shift and go to state 600
    -               shift and go to state 94


state 570

    (49) pay_command -> KEYWORD_PAY INTEGER ACCOMMODATIONS FOR identifier_list IN identifier_list ON DATE TO DATE AT TIME FOR . identifier_list SYM_END
    (10) identifier_list -> . IDENTIFIER identifier_list
    (11) identifier_list -> . IDENTIFIER
    (12) identifier_list -> . STRING
    (13) identifier_list -> . identifier_list - identifier_list

    IDENTIFIER      shift and go to state 61
    STRING          shift and go to state 62

    identifier_list                shift and go to state 601

state 571

    (48) pay_command -> KEYWORD_PAY ACCOMMODATION FOR identifier_list IN identifier_list ON DATE TO DATE AT TIME FOR identifier_list . SYM_END
    (13) identifier_list -> identifier_list . - identifier_list

    SYM_END         shift and go to state 602
    -               shift and go to state 94


state 572

    (52) cancel_command -> KEYWORD_CANCEL TICKET FOR identifier_list FROM identifier_list TO identifier_list ON DATE AT TIME FOR identifier_list . SYM_END
    (13) identifier_list -> identifier_list . - identifier_list

    SYM_END         shift and go to state 603
    -               shift and go to state 94


state 573

    (54) cancel_command -> KEYWORD_CANCEL TICKET FOR CONCERT identifier_list IN identifier_list ON DATE AT TIME FOR identifier_list SYM_END .

    $end            reduce using rule 54 (cancel_command -> KEYWORD_CANCEL TICKET FOR CONCERT identifier_list IN identifier_list ON DATE AT TIME FOR identifier_list SYM_END .)


state 574

    (56) cancel_command -> KEYWORD_CANCEL TICKET FOR CONCERT identifier_list AT identifier_list ON DATE AT TIME FOR identifier_list SYM_END .

    $end            reduce using rule 56 (cancel_command -> KEYWORD_CANCEL TICKET FOR CONCERT identifier_list AT identifier_list ON DATE AT TIME FOR identifier_list SYM_END .)


state 575

    (58) cancel_command -> KEYWORD_CANCEL TICKET FOR EVENT identifier_list AT identifier_list ON DATE AT TIME FOR identifier_list SYM_END .

    $end            reduce using rule 58 (cancel_command -> KEYWORD_CANCEL TICKET FOR EVENT identifier_list AT identifier_list ON DATE AT TIME FOR identifier_list SYM_END .)


state 576

    (53) cancel_command -> KEYWORD_CANCEL INTEGER TICKETS FOR identifier_list FROM identifier_list TO identifier_list ON DATE AT TIME FOR . identifier_list SYM_END
    (10) identifier_list -> . IDENTIFIER identifier_list
    (11) identifier_list -> . IDENTIFIER
    (12) identifier_list -> . STRING
    (13) identifier_list -> . identifier_list - identifier_list

    IDENTIFIER      shift and go to state 61
    STRING          shift and go to state 62

    identifier_list                shift and go to state 604

state 577

    (55) cancel_command -> KEYWORD_CANCEL INTEGER TICKETS FOR CONCERT identifier_list IN identifier_list ON DATE AT TIME FOR identifier_list . SYM_END
    (13) identifier_list -> identifier_list . - identifier_list

    SYM_END         shift and go to state 605
    -               shift and go to state 94


state 578

    (57) cancel_command -> KEYWORD_CANCEL INTEGER TICKETS FOR CONCERT identifier_list AT identifier_list ON DATE AT TIME FOR identifier_list . SYM_END
    (13) identifier_list -> identifier_list . - identifier_list

    SYM_END         shift and go to state 606
    -               shift and go to state 94


state 579

    (59) cancel_command -> KEYWORD_CANCEL INTEGER TICKETS FOR EVENT identifier_list AT identifier_list ON DATE AT TIME FOR identifier_list . SYM_END
    (13) identifier_list -> identifier_list . - identifier_list

    SYM_END         shift and go to state 607
    -               shift and go to state 94


state 580

    (61) cancel_command -> KEYWORD_CANCEL INTEGER ACCOMMODATIONS FOR identifier_list IN identifier_list ON DATE TO DATE AT TIME FOR . identifier_list SYM_END
    (10) identifier_list -> . IDENTIFIER identifier_list
    (11) identifier_list -> . IDENTIFIER
    (12) identifier_list -> . STRING
    (13) identifier_list -> . identifier_list - identifier_list

    IDENTIFIER      shift and go to state 61
    STRING          shift and go to state 62

    identifier_list                shift and go to state 608

state 581

    (60) cancel_command -> KEYWORD_CANCEL ACCOMMODATION FOR identifier_list IN identifier_list ON DATE TO DATE AT TIME FOR identifier_list . SYM_END
    (13) identifier_list -> identifier_list . - identifier_list

    SYM_END         shift and go to state 609
    -               shift and go to state 94


state 582

    (16) book_command -> KEYWORD_BOOK TICKET FOR identifier_list FROM identifier_list TO identifier_list ON DATE AT TIME FOR identifier_list SYM_END .

    $end            reduce using rule 16 (book_command -> KEYWORD_BOOK TICKET FOR identifier_list FROM identifier_list TO identifier_list ON DATE AT TIME FOR identifier_list SYM_END .)


state 583

    (17) book_command -> KEYWORD_BOOK INTEGER TICKETS FOR identifier_list FROM identifier_list TO identifier_list ON DATE AT TIME FOR identifier_list . SYM_END
    (13) identifier_list -> identifier_list . - identifier_list

    SYM_END         shift and go to state 610
    -               shift and go to state 94


state 584

    (19) book_command -> KEYWORD_BOOK INTEGER TICKETS FOR CONCERT identifier_list IN identifier_list ON DATE AT TIME FOR identifier_list SYM_END .

    $end            reduce using rule 19 (book_command -> KEYWORD_BOOK INTEGER TICKETS FOR CONCERT identifier_list IN identifier_list ON DATE AT TIME FOR identifier_list SYM_END .)


state 585

    (21) book_command -> KEYWORD_BOOK INTEGER TICKETS FOR CONCERT identifier_list AT identifier_list ON DATE AT TIME FOR identifier_list SYM_END .

    $end            reduce using rule 21 (book_command -> KEYWORD_BOOK INTEGER TICKETS FOR CONCERT identifier_list AT identifier_list ON DATE AT TIME FOR identifier_list SYM_END .)


state 586

    (23) book_command -> KEYWORD_BOOK INTEGER TICKETS FOR EVENT identifier_list AT identifier_list ON DATE AT TIME FOR identifier_list SYM_END .

    $end            reduce using rule 23 (book_command -> KEYWORD_BOOK INTEGER TICKETS FOR EVENT identifier_list AT identifier_list ON DATE AT TIME FOR identifier_list SYM_END .)


state 587

    (25) book_command -> KEYWORD_BOOK INTEGER ACCOMMODATIONS FOR identifier_list IN identifier_list ON DATE TO DATE AT TIME FOR identifier_list . SYM_END
    (13) identifier_list -> identifier_list . - identifier_list

    SYM_END         shift and go to state 611
    -               shift and go to state 94


state 588

    (24) book_command -> KEYWORD_BOOK ACCOMMODATION FOR identifier_list IN identifier_list ON DATE TO DATE AT TIME FOR identifier_list SYM_END .

    $end            reduce using rule 24 (book_command -> KEYWORD_BOOK ACCOMMODATION FOR identifier_list IN identifier_list ON DATE TO DATE AT TIME FOR identifier_list SYM_END .)


state 589

    (28) confirm_command -> KEYWORD_CONFIRM TICKET FOR identifier_list FROM identifier_list TO identifier_list ON DATE AT TIME FOR identifier_list SYM_END .

    $end            reduce using rule 28 (confirm_command -> KEYWORD_CONFIRM TICKET FOR identifier_list FROM identifier_list TO identifier_list ON DATE AT TIME FOR identifier_list SYM_END .)


state 590

    (29) confirm_command -> KEYWORD_CONFIRM INTEGER TICKETS FOR identifier_list FROM identifier_list TO identifier_list ON DATE AT TIME FOR identifier_list . SYM_END
    (13) identifier_list -> identifier_list . - identifier_list

    SYM_END         shift and go to state 612
    -               shift and go to state 94


state 591

    (31) confirm_command -> KEYWORD_CONFIRM INTEGER TICKETS FOR CONCERT identifier_list IN identifier_list ON DATE AT TIME FOR identifier_list SYM_END .

    $end            reduce using rule 31 (confirm_command -> KEYWORD_CONFIRM INTEGER TICKETS FOR CONCERT identifier_list IN identifier_list ON DATE AT TIME FOR identifier_list SYM_END .)


state 592

    (33) confirm_command -> KEYWORD_CONFIRM INTEGER TICKETS FOR CONCERT identifier_list AT identifier_list ON DATE AT TIME FOR identifier_list SYM_END .

    $end            reduce using rule 33 (confirm_command -> KEYWORD_CONFIRM INTEGER TICKETS FOR CONCERT identifier_list AT identifier_list ON DATE AT TIME FOR identifier_list SYM_END .)


state 593

    (35) confirm_command -> KEYWORD_CONFIRM INTEGER TICKETS FOR EVENT identifier_list AT identifier_list ON DATE AT TIME FOR identifier_list SYM_END .

    $end            reduce using rule 35 (confirm_command -> KEYWORD_CONFIRM INTEGER TICKETS FOR EVENT identifier_list AT identifier_list ON DATE AT TIME FOR identifier_list SYM_END .)


state 594

    (37) confirm_command -> KEYWORD_CONFIRM INTEGER ACCOMMODATION FOR identifier_list IN identifier_list ON DATE TO DATE AT TIME FOR identifier_list . SYM_END
    (13) identifier_list -> identifier_list . - identifier_list

    SYM_END         shift and go to state 613
    -               shift and go to state 94


state 595

    (36) confirm_command -> KEYWORD_CONFIRM ACCOMMODATION FOR identifier_list IN identifier_list ON DATE TO DATE AT TIME FOR identifier_list SYM_END .

    $end            reduce using rule 36 (confirm_command -> KEYWORD_CONFIRM ACCOMMODATION FOR identifier_list IN identifier_list ON DATE TO DATE AT TIME FOR identifier_list SYM_END .)


state 596

    (40) pay_command -> KEYWORD_PAY TICKET FOR identifier_list FROM identifier_list TO identifier_list ON DATE AT TIME FOR identifier_list SYM_END .

    $end            reduce using rule 40 (pay_command -> KEYWORD_PAY TICKET FOR identifier_list FROM identifier_list TO identifier_list ON DATE AT TIME FOR identifier_list SYM_END .)


state 597

    (41) pay_command -> KEYWORD_PAY INTEGER TICKETS FOR identifier_list FROM identifier_list TO identifier_list ON DATE AT TIME FOR identifier_list . SYM_END
    (13) identifier_list -> identifier_list . - identifier_list

    SYM_END         shift and go to state 614
    -               shift and go to state 94


state 598

    (43) pay_command -> KEYWORD_PAY INTEGER TICKETS FOR CONCERT identifier_list IN identifier_list ON DATE AT TIME FOR identifier_list SYM_END .

    $end            reduce using rule 43 (pay_command -> KEYWORD_PAY INTEGER TICKETS FOR CONCERT identifier_list IN identifier_list ON DATE AT TIME FOR identifier_list SYM_END .)


state 599

    (45) pay_command -> KEYWORD_PAY INTEGER TICKETS FOR CONCERT identifier_list AT identifier_list ON DATE AT TIME FOR identifier_list SYM_END .

    $end            reduce using rule 45 (pay_command -> KEYWORD_PAY INTEGER TICKETS FOR CONCERT identifier_list AT identifier_list ON DATE AT TIME FOR identifier_list SYM_END .)


state 600

    (47) pay_command -> KEYWORD_PAY INTEGER TICKETS FOR EVENT identifier_list AT identifier_list ON DATE AT TIME FOR identifier_list SYM_END .

    $end            reduce using rule 47 (pay_command -> KEYWORD_PAY INTEGER TICKETS FOR EVENT identifier_list AT identifier_list ON DATE AT TIME FOR identifier_list SYM_END .)


state 601

    (49) pay_command -> KEYWORD_PAY INTEGER ACCOMMODATIONS FOR identifier_list IN identifier_list ON DATE TO DATE AT TIME FOR identifier_list . SYM_END
    (13) identifier_list -> identifier_list . - identifier_list

    SYM_END         shift and go to state 615
    -               shift and go to state 94


state 602

    (48) pay_command -> KEYWORD_PAY ACCOMMODATION FOR identifier_list IN identifier_list ON DATE TO DATE AT TIME FOR identifier_list SYM_END .

    $end            reduce using rule 48 (pay_command -> KEYWORD_PAY ACCOMMODATION FOR identifier_list IN identifier_list ON DATE TO DATE AT TIME FOR identifier_list SYM_END .)


state 603

    (52) cancel_command -> KEYWORD_CANCEL TICKET FOR identifier_list FROM identifier_list TO identifier_list ON DATE AT TIME FOR identifier_list SYM_END .

    $end            reduce using rule 52 (cancel_command -> KEYWORD_CANCEL TICKET FOR identifier_list FROM identifier_list TO identifier_list ON DATE AT TIME FOR identifier_list SYM_END .)


state 604

    (53) cancel_command -> KEYWORD_CANCEL INTEGER TICKETS FOR identifier_list FROM identifier_list TO identifier_list ON DATE AT TIME FOR identifier_list . SYM_END
    (13) identifier_list -> identifier_list . - identifier_list

    SYM_END         shift and go to state 616
    -               shift and go to state 94


state 605

    (55) cancel_command -> KEYWORD_CANCEL INTEGER TICKETS FOR CONCERT identifier_list IN identifier_list ON DATE AT TIME FOR identifier_list SYM_END .

    $end            reduce using rule 55 (cancel_command -> KEYWORD_CANCEL INTEGER TICKETS FOR CONCERT identifier_list IN identifier_list ON DATE AT TIME FOR identifier_list SYM_END .)


state 606

    (57) cancel_command -> KEYWORD_CANCEL INTEGER TICKETS FOR CONCERT identifier_list AT identifier_list ON DATE AT TIME FOR identifier_list SYM_END .

    $end            reduce using rule 57 (cancel_command -> KEYWORD_CANCEL INTEGER TICKETS FOR CONCERT identifier_list AT identifier_list ON DATE AT TIME FOR identifier_list SYM_END .)


state 607

    (59) cancel_command -> KEYWORD_CANCEL INTEGER TICKETS FOR EVENT identifier_list AT identifier_list ON DATE AT TIME FOR identifier_list SYM_END .

    $end            reduce using rule 59 (cancel_command -> KEYWORD_CANCEL INTEGER TICKETS FOR EVENT identifier_list AT identifier_list ON DATE AT TIME FOR identifier_list SYM_END .)


state 608

    (61) cancel_command -> KEYWORD_CANCEL INTEGER ACCOMMODATIONS FOR identifier_list IN identifier_list ON DATE TO DATE AT TIME FOR identifier_list . SYM_END
    (13) identifier_list -> identifier_list . - identifier_list

    SYM_END         shift and go to state 617
    -               shift and go to state 94


state 609

    (60) cancel_command -> KEYWORD_CANCEL ACCOMMODATION FOR identifier_list IN identifier_list ON DATE TO DATE AT TIME FOR identifier_list SYM_END .

    $end            reduce using rule 60 (cancel_command -> KEYWORD_CANCEL ACCOMMODATION FOR identifier_list IN identifier_list ON DATE TO DATE AT TIME FOR identifier_list SYM_END .)


state 610

    (17) book_command -> KEYWORD_BOOK INTEGER TICKETS FOR identifier_list FROM identifier_list TO identifier_list ON DATE AT TIME FOR identifier_list SYM_END .

    $end            reduce using rule 17 (book_command -> KEYWORD_BOOK INTEGER TICKETS FOR identifier_list FROM identifier_list TO identifier_list ON DATE AT TIME FOR identifier_list SYM_END .)


state 611

    (25) book_command -> KEYWORD_BOOK INTEGER ACCOMMODATIONS FOR identifier_list IN identifier_list ON DATE TO DATE AT TIME FOR identifier_list SYM_END .

    $end            reduce using rule 25 (book_command -> KEYWORD_BOOK INTEGER ACCOMMODATIONS FOR identifier_list IN identifier_list ON DATE TO DATE AT TIME FOR identifier_list SYM_END .)


state 612

    (29) confirm_command -> KEYWORD_CONFIRM INTEGER TICKETS FOR identifier_list FROM identifier_list TO identifier_list ON DATE AT TIME FOR identifier_list SYM_END .

    $end            reduce using rule 29 (confirm_command -> KEYWORD_CONFIRM INTEGER TICKETS FOR identifier_list FROM identifier_list TO identifier_list ON DATE AT TIME FOR identifier_list SYM_END .)


state 613

    (37) confirm_command -> KEYWORD_CONFIRM INTEGER ACCOMMODATION FOR identifier_list IN identifier_list ON DATE TO DATE AT TIME FOR identifier_list SYM_END .

    $end            reduce using rule 37 (confirm_command -> KEYWORD_CONFIRM INTEGER ACCOMMODATION FOR identifier_list IN identifier_list ON DATE TO DATE AT TIME FOR identifier_list SYM_END .)


state 614

    (41) pay_command -> KEYWORD_PAY INTEGER TICKETS FOR identifier_list FROM identifier_list TO identifier_list ON DATE AT TIME FOR identifier_list SYM_END .

    $end            reduce using rule 41 (pay_command -> KEYWORD_PAY INTEGER TICKETS FOR identifier_list FROM identifier_list TO identifier_list ON DATE AT TIME FOR identifier_list SYM_END .)


state 615

    (49) pay_command -> KEYWORD_PAY INTEGER ACCOMMODATIONS FOR identifier_list IN identifier_list ON DATE TO DATE AT TIME FOR identifier_list SYM_END .

    $end            reduce using rule 49 (pay_command -> KEYWORD_PAY INTEGER ACCOMMODATIONS FOR identifier_list IN identifier_list ON DATE TO DATE AT TIME FOR identifier_list SYM_END .)


state 616

    (53) cancel_command -> KEYWORD_CANCEL INTEGER TICKETS FOR identifier_list FROM identifier_list TO identifier_list ON DATE AT TIME FOR identifier_list SYM_END .

    $end            reduce using rule 53 (cancel_command -> KEYWORD_CANCEL INTEGER TICKETS FOR identifier_list FROM identifier_list TO identifier_list ON DATE AT TIME FOR identifier_list SYM_END .)


state 617

    (61) cancel_command -> KEYWORD_CANCEL INTEGER ACCOMMODATIONS FOR identifier_list IN identifier_list ON DATE TO DATE AT TIME FOR identifier_list SYM_END .

    $end            reduce using rule 61 (cancel_command -> KEYWORD_CANCEL INTEGER ACCOMMODATIONS FOR identifier_list IN identifier_list ON DATE TO DATE AT TIME FOR identifier_list SYM_END .)

WARNING: 
WARNING: Conflicts:
WARNING: 
WARNING: shift/reduce conflict for - in state 95 resolved as shift
WARNING: shift/reduce conflict for - in state 140 resolved as shift
